--
-- PostgreSQL database dump
--

-- Dumped from database version 14.15 (Ubuntu 14.15-0ubuntu0.22.04.1)
-- Dumped by pg_dump version 14.15 (Ubuntu 14.15-0ubuntu0.22.04.1)

SET statement_timeout = 0;
SET lock_timeout = 0;
SET idle_in_transaction_session_timeout = 0;
SET client_encoding = 'UTF8';
SET standard_conforming_strings = on;
SELECT pg_catalog.set_config('search_path', '', false);
SET check_function_bodies = false;
SET xmloption = content;
SET client_min_messages = warning;
SET row_security = off;

SET default_tablespace = '';

SET default_table_access_method = heap;

--
-- Name: auth_group; Type: TABLE; Schema: public; Owner: myprojectuser
--

CREATE TABLE public.auth_group (
    id integer NOT NULL,
    name character varying(150) NOT NULL
);


ALTER TABLE public.auth_group OWNER TO myprojectuser;

--
-- Name: auth_group_id_seq; Type: SEQUENCE; Schema: public; Owner: myprojectuser
--

ALTER TABLE public.auth_group ALTER COLUMN id ADD GENERATED BY DEFAULT AS IDENTITY (
    SEQUENCE NAME public.auth_group_id_seq
    START WITH 1
    INCREMENT BY 1
    NO MINVALUE
    NO MAXVALUE
    CACHE 1
);


--
-- Name: auth_group_permissions; Type: TABLE; Schema: public; Owner: myprojectuser
--

CREATE TABLE public.auth_group_permissions (
    id bigint NOT NULL,
    group_id integer NOT NULL,
    permission_id integer NOT NULL
);


ALTER TABLE public.auth_group_permissions OWNER TO myprojectuser;

--
-- Name: auth_group_permissions_id_seq; Type: SEQUENCE; Schema: public; Owner: myprojectuser
--

ALTER TABLE public.auth_group_permissions ALTER COLUMN id ADD GENERATED BY DEFAULT AS IDENTITY (
    SEQUENCE NAME public.auth_group_permissions_id_seq
    START WITH 1
    INCREMENT BY 1
    NO MINVALUE
    NO MAXVALUE
    CACHE 1
);


--
-- Name: auth_permission; Type: TABLE; Schema: public; Owner: myprojectuser
--

CREATE TABLE public.auth_permission (
    id integer NOT NULL,
    name character varying(255) NOT NULL,
    content_type_id integer NOT NULL,
    codename character varying(100) NOT NULL
);


ALTER TABLE public.auth_permission OWNER TO myprojectuser;

--
-- Name: auth_permission_id_seq; Type: SEQUENCE; Schema: public; Owner: myprojectuser
--

ALTER TABLE public.auth_permission ALTER COLUMN id ADD GENERATED BY DEFAULT AS IDENTITY (
    SEQUENCE NAME public.auth_permission_id_seq
    START WITH 1
    INCREMENT BY 1
    NO MINVALUE
    NO MAXVALUE
    CACHE 1
);


--
-- Name: authtoken_token; Type: TABLE; Schema: public; Owner: myprojectuser
--

CREATE TABLE public.authtoken_token (
    key character varying(40) NOT NULL,
    created timestamp with time zone NOT NULL,
    user_id bigint NOT NULL
);


ALTER TABLE public.authtoken_token OWNER TO myprojectuser;

--
-- Name: django_admin_log; Type: TABLE; Schema: public; Owner: myprojectuser
--

CREATE TABLE public.django_admin_log (
    id integer NOT NULL,
    action_time timestamp with time zone NOT NULL,
    object_id text,
    object_repr character varying(200) NOT NULL,
    action_flag smallint NOT NULL,
    change_message text NOT NULL,
    content_type_id integer,
    user_id bigint NOT NULL,
    CONSTRAINT django_admin_log_action_flag_check CHECK ((action_flag >= 0))
);


ALTER TABLE public.django_admin_log OWNER TO myprojectuser;

--
-- Name: django_admin_log_id_seq; Type: SEQUENCE; Schema: public; Owner: myprojectuser
--

ALTER TABLE public.django_admin_log ALTER COLUMN id ADD GENERATED BY DEFAULT AS IDENTITY (
    SEQUENCE NAME public.django_admin_log_id_seq
    START WITH 1
    INCREMENT BY 1
    NO MINVALUE
    NO MAXVALUE
    CACHE 1
);


--
-- Name: django_content_type; Type: TABLE; Schema: public; Owner: myprojectuser
--

CREATE TABLE public.django_content_type (
    id integer NOT NULL,
    app_label character varying(100) NOT NULL,
    model character varying(100) NOT NULL
);


ALTER TABLE public.django_content_type OWNER TO myprojectuser;

--
-- Name: django_content_type_id_seq; Type: SEQUENCE; Schema: public; Owner: myprojectuser
--

ALTER TABLE public.django_content_type ALTER COLUMN id ADD GENERATED BY DEFAULT AS IDENTITY (
    SEQUENCE NAME public.django_content_type_id_seq
    START WITH 1
    INCREMENT BY 1
    NO MINVALUE
    NO MAXVALUE
    CACHE 1
);


--
-- Name: django_migrations; Type: TABLE; Schema: public; Owner: myprojectuser
--

CREATE TABLE public.django_migrations (
    id bigint NOT NULL,
    app character varying(255) NOT NULL,
    name character varying(255) NOT NULL,
    applied timestamp with time zone NOT NULL
);


ALTER TABLE public.django_migrations OWNER TO myprojectuser;

--
-- Name: django_migrations_id_seq; Type: SEQUENCE; Schema: public; Owner: myprojectuser
--

ALTER TABLE public.django_migrations ALTER COLUMN id ADD GENERATED BY DEFAULT AS IDENTITY (
    SEQUENCE NAME public.django_migrations_id_seq
    START WITH 1
    INCREMENT BY 1
    NO MINVALUE
    NO MAXVALUE
    CACHE 1
);


--
-- Name: django_session; Type: TABLE; Schema: public; Owner: myprojectuser
--

CREATE TABLE public.django_session (
    session_key character varying(40) NOT NULL,
    session_data text NOT NULL,
    expire_date timestamp with time zone NOT NULL
);


ALTER TABLE public.django_session OWNER TO myprojectuser;

--
-- Name: main_category; Type: TABLE; Schema: public; Owner: myprojectuser
--

CREATE TABLE public.main_category (
    id bigint NOT NULL,
    name character varying(100) NOT NULL,
    template integer NOT NULL,
    description character varying(300),
    icon character varying(50)
);


ALTER TABLE public.main_category OWNER TO myprojectuser;

--
-- Name: main_category_id_seq; Type: SEQUENCE; Schema: public; Owner: myprojectuser
--

ALTER TABLE public.main_category ALTER COLUMN id ADD GENERATED BY DEFAULT AS IDENTITY (
    SEQUENCE NAME public.main_category_id_seq
    START WITH 1
    INCREMENT BY 1
    NO MINVALUE
    NO MAXVALUE
    CACHE 1
);


--
-- Name: main_customuser; Type: TABLE; Schema: public; Owner: myprojectuser
--

CREATE TABLE public.main_customuser (
    id bigint NOT NULL,
    password character varying(128) NOT NULL,
    last_login timestamp with time zone,
    is_superuser boolean NOT NULL,
    first_name character varying(150) NOT NULL,
    last_name character varying(150) NOT NULL,
    email character varying(254) NOT NULL,
    is_staff boolean NOT NULL,
    is_active boolean NOT NULL,
    date_joined timestamp with time zone NOT NULL,
    mobile character varying(10) NOT NULL
);


ALTER TABLE public.main_customuser OWNER TO myprojectuser;

--
-- Name: main_customuser_groups; Type: TABLE; Schema: public; Owner: myprojectuser
--

CREATE TABLE public.main_customuser_groups (
    id bigint NOT NULL,
    customuser_id bigint NOT NULL,
    group_id integer NOT NULL
);


ALTER TABLE public.main_customuser_groups OWNER TO myprojectuser;

--
-- Name: main_customuser_groups_id_seq; Type: SEQUENCE; Schema: public; Owner: myprojectuser
--

ALTER TABLE public.main_customuser_groups ALTER COLUMN id ADD GENERATED BY DEFAULT AS IDENTITY (
    SEQUENCE NAME public.main_customuser_groups_id_seq
    START WITH 1
    INCREMENT BY 1
    NO MINVALUE
    NO MAXVALUE
    CACHE 1
);


--
-- Name: main_customuser_id_seq; Type: SEQUENCE; Schema: public; Owner: myprojectuser
--

ALTER TABLE public.main_customuser ALTER COLUMN id ADD GENERATED BY DEFAULT AS IDENTITY (
    SEQUENCE NAME public.main_customuser_id_seq
    START WITH 1
    INCREMENT BY 1
    NO MINVALUE
    NO MAXVALUE
    CACHE 1
);


--
-- Name: main_customuser_user_permissions; Type: TABLE; Schema: public; Owner: myprojectuser
--

CREATE TABLE public.main_customuser_user_permissions (
    id bigint NOT NULL,
    customuser_id bigint NOT NULL,
    permission_id integer NOT NULL
);


ALTER TABLE public.main_customuser_user_permissions OWNER TO myprojectuser;

--
-- Name: main_customuser_user_permissions_id_seq; Type: SEQUENCE; Schema: public; Owner: myprojectuser
--

ALTER TABLE public.main_customuser_user_permissions ALTER COLUMN id ADD GENERATED BY DEFAULT AS IDENTITY (
    SEQUENCE NAME public.main_customuser_user_permissions_id_seq
    START WITH 1
    INCREMENT BY 1
    NO MINVALUE
    NO MAXVALUE
    CACHE 1
);


--
-- Name: main_file; Type: TABLE; Schema: public; Owner: myprojectuser
--

CREATE TABLE public.main_file (
    id bigint NOT NULL,
    file character varying(100) NOT NULL
);


ALTER TABLE public.main_file OWNER TO myprojectuser;

--
-- Name: main_file_id_seq; Type: SEQUENCE; Schema: public; Owner: myprojectuser
--

ALTER TABLE public.main_file ALTER COLUMN id ADD GENERATED BY DEFAULT AS IDENTITY (
    SEQUENCE NAME public.main_file_id_seq
    START WITH 1
    INCREMENT BY 1
    NO MINVALUE
    NO MAXVALUE
    CACHE 1
);


--
-- Name: main_format; Type: TABLE; Schema: public; Owner: myprojectuser
--

CREATE TABLE public.main_format (
    id bigint NOT NULL,
    name character varying(90)
);


ALTER TABLE public.main_format OWNER TO myprojectuser;

--
-- Name: main_format_id_seq; Type: SEQUENCE; Schema: public; Owner: myprojectuser
--

ALTER TABLE public.main_format ALTER COLUMN id ADD GENERATED BY DEFAULT AS IDENTITY (
    SEQUENCE NAME public.main_format_id_seq
    START WITH 1
    INCREMENT BY 1
    NO MINVALUE
    NO MAXVALUE
    CACHE 1
);


--
-- Name: main_ideastaticentry; Type: TABLE; Schema: public; Owner: myprojectuser
--

CREATE TABLE public.main_ideastaticentry (
    id bigint NOT NULL,
    name character varying(90),
    options jsonb NOT NULL,
    prompt text
);


ALTER TABLE public.main_ideastaticentry OWNER TO myprojectuser;

--
-- Name: main_ideastaticentry_id_seq; Type: SEQUENCE; Schema: public; Owner: myprojectuser
--

ALTER TABLE public.main_ideastaticentry ALTER COLUMN id ADD GENERATED BY DEFAULT AS IDENTITY (
    SEQUENCE NAME public.main_ideastaticentry_id_seq
    START WITH 1
    INCREMENT BY 1
    NO MINVALUE
    NO MAXVALUE
    CACHE 1
);


--
-- Name: main_imageservice; Type: TABLE; Schema: public; Owner: myprojectuser
--

CREATE TABLE public.main_imageservice (
    id bigint NOT NULL,
    name character varying(100) NOT NULL,
    prompt text
);


ALTER TABLE public.main_imageservice OWNER TO myprojectuser;

--
-- Name: main_imageservice_id_seq; Type: SEQUENCE; Schema: public; Owner: myprojectuser
--

ALTER TABLE public.main_imageservice ALTER COLUMN id ADD GENERATED BY DEFAULT AS IDENTITY (
    SEQUENCE NAME public.main_imageservice_id_seq
    START WITH 1
    INCREMENT BY 1
    NO MINVALUE
    NO MAXVALUE
    CACHE 1
);


--
-- Name: main_newsintrest; Type: TABLE; Schema: public; Owner: myprojectuser
--

CREATE TABLE public.main_newsintrest (
    id bigint NOT NULL,
    subject character varying(100) NOT NULL,
    user_id bigint NOT NULL
);


ALTER TABLE public.main_newsintrest OWNER TO myprojectuser;

--
-- Name: main_newsintrest_id_seq; Type: SEQUENCE; Schema: public; Owner: myprojectuser
--

ALTER TABLE public.main_newsintrest ALTER COLUMN id ADD GENERATED BY DEFAULT AS IDENTITY (
    SEQUENCE NAME public.main_newsintrest_id_seq
    START WITH 1
    INCREMENT BY 1
    NO MINVALUE
    NO MAXVALUE
    CACHE 1
);


--
-- Name: main_newsreport; Type: TABLE; Schema: public; Owner: myprojectuser
--

CREATE TABLE public.main_newsreport (
    id bigint NOT NULL,
    title character varying(90),
    text character varying(10000),
    pic character varying(1000),
    subject character varying(100),
    user_id bigint,
    resource character varying(100)
);


ALTER TABLE public.main_newsreport OWNER TO myprojectuser;

--
-- Name: main_newsreport_id_seq; Type: SEQUENCE; Schema: public; Owner: myprojectuser
--

ALTER TABLE public.main_newsreport ALTER COLUMN id ADD GENERATED BY DEFAULT AS IDENTITY (
    SEQUENCE NAME public.main_newsreport_id_seq
    START WITH 1
    INCREMENT BY 1
    NO MINVALUE
    NO MAXVALUE
    CACHE 1
);


--
-- Name: main_newsservice; Type: TABLE; Schema: public; Owner: myprojectuser
--

CREATE TABLE public.main_newsservice (
    id bigint NOT NULL,
    name character varying(100) NOT NULL,
    prompt text,
    description character varying(1000) NOT NULL,
    price integer NOT NULL
);


ALTER TABLE public.main_newsservice OWNER TO myprojectuser;

--
-- Name: main_newsservice_id_seq; Type: SEQUENCE; Schema: public; Owner: myprojectuser
--

ALTER TABLE public.main_newsservice ALTER COLUMN id ADD GENERATED BY DEFAULT AS IDENTITY (
    SEQUENCE NAME public.main_newsservice_id_seq
    START WITH 1
    INCREMENT BY 1
    NO MINVALUE
    NO MAXVALUE
    CACHE 1
);


--
-- Name: main_newssite; Type: TABLE; Schema: public; Owner: myprojectuser
--

CREATE TABLE public.main_newssite (
    id bigint NOT NULL,
    name character varying(100) NOT NULL,
    url character varying(200) NOT NULL
);


ALTER TABLE public.main_newssite OWNER TO myprojectuser;

--
-- Name: main_newssite_id_seq; Type: SEQUENCE; Schema: public; Owner: myprojectuser
--

ALTER TABLE public.main_newssite ALTER COLUMN id ADD GENERATED BY DEFAULT AS IDENTITY (
    SEQUENCE NAME public.main_newssite_id_seq
    START WITH 1
    INCREMENT BY 1
    NO MINVALUE
    NO MAXVALUE
    CACHE 1
);


--
-- Name: main_service; Type: TABLE; Schema: public; Owner: myprojectuser
--

CREATE TABLE public.main_service (
    id bigint NOT NULL,
    name character varying(100) NOT NULL,
    description character varying(1000) NOT NULL,
    variables jsonb,
    price integer NOT NULL,
    prompt text,
    slug character varying(20),
    category_id bigint NOT NULL,
    color character varying(6),
    icon character varying(50),
    button_name character varying(100),
    highlight character varying(100),
    icon_image character varying(100)
);


ALTER TABLE public.main_service OWNER TO myprojectuser;

--
-- Name: main_service_static_variables; Type: TABLE; Schema: public; Owner: myprojectuser
--

CREATE TABLE public.main_service_static_variables (
    id bigint NOT NULL,
    service_id bigint NOT NULL,
    staticentry_id bigint NOT NULL
);


ALTER TABLE public.main_service_static_variables OWNER TO myprojectuser;

--
-- Name: main_service_static_variables_id_seq; Type: SEQUENCE; Schema: public; Owner: myprojectuser
--

ALTER TABLE public.main_service_static_variables ALTER COLUMN id ADD GENERATED BY DEFAULT AS IDENTITY (
    SEQUENCE NAME public.main_service_static_variables_id_seq
    START WITH 1
    INCREMENT BY 1
    NO MINVALUE
    NO MAXVALUE
    CACHE 1
);


--
-- Name: main_services_id_seq; Type: SEQUENCE; Schema: public; Owner: myprojectuser
--

ALTER TABLE public.main_service ALTER COLUMN id ADD GENERATED BY DEFAULT AS IDENTITY (
    SEQUENCE NAME public.main_services_id_seq
    START WITH 1
    INCREMENT BY 1
    NO MINVALUE
    NO MAXVALUE
    CACHE 1
);


--
-- Name: main_socialintrest; Type: TABLE; Schema: public; Owner: myprojectuser
--

CREATE TABLE public.main_socialintrest (
    id bigint NOT NULL,
    subject character varying(100) NOT NULL,
    channels jsonb NOT NULL,
    user_id bigint NOT NULL,
    telegram boolean,
    twitter boolean
);


ALTER TABLE public.main_socialintrest OWNER TO myprojectuser;

--
-- Name: main_socialintrest_id_seq; Type: SEQUENCE; Schema: public; Owner: myprojectuser
--

ALTER TABLE public.main_socialintrest ALTER COLUMN id ADD GENERATED BY DEFAULT AS IDENTITY (
    SEQUENCE NAME public.main_socialintrest_id_seq
    START WITH 1
    INCREMENT BY 1
    NO MINVALUE
    NO MAXVALUE
    CACHE 1
);


--
-- Name: main_staticentry; Type: TABLE; Schema: public; Owner: myprojectuser
--

CREATE TABLE public.main_staticentry (
    id bigint NOT NULL,
    name character varying(90),
    options jsonb NOT NULL,
    prompt text
);


ALTER TABLE public.main_staticentry OWNER TO myprojectuser;

--
-- Name: main_staticentry_id_seq; Type: SEQUENCE; Schema: public; Owner: myprojectuser
--

ALTER TABLE public.main_staticentry ALTER COLUMN id ADD GENERATED BY DEFAULT AS IDENTITY (
    SEQUENCE NAME public.main_staticentry_id_seq
    START WITH 1
    INCREMENT BY 1
    NO MINVALUE
    NO MAXVALUE
    CACHE 1
);


--
-- Name: main_tone; Type: TABLE; Schema: public; Owner: myprojectuser
--

CREATE TABLE public.main_tone (
    id bigint NOT NULL,
    name character varying(90)
);


ALTER TABLE public.main_tone OWNER TO myprojectuser;

--
-- Name: main_tone_id_seq; Type: SEQUENCE; Schema: public; Owner: myprojectuser
--

ALTER TABLE public.main_tone ALTER COLUMN id ADD GENERATED BY DEFAULT AS IDENTITY (
    SEQUENCE NAME public.main_tone_id_seq
    START WITH 1
    INCREMENT BY 1
    NO MINVALUE
    NO MAXVALUE
    CACHE 1
);


--
-- Data for Name: auth_group; Type: TABLE DATA; Schema: public; Owner: myprojectuser
--

COPY public.auth_group (id, name) FROM stdin;
\.


--
-- Data for Name: auth_group_permissions; Type: TABLE DATA; Schema: public; Owner: myprojectuser
--

COPY public.auth_group_permissions (id, group_id, permission_id) FROM stdin;
\.


--
-- Data for Name: auth_permission; Type: TABLE DATA; Schema: public; Owner: myprojectuser
--

COPY public.auth_permission (id, name, content_type_id, codename) FROM stdin;
85	Can add log entry	22	add_logentry
86	Can change log entry	22	change_logentry
87	Can delete log entry	22	delete_logentry
88	Can view log entry	22	view_logentry
89	Can add permission	23	add_permission
90	Can change permission	23	change_permission
91	Can delete permission	23	delete_permission
92	Can view permission	23	view_permission
93	Can add group	24	add_group
94	Can change group	24	change_group
95	Can delete group	24	delete_group
96	Can view group	24	view_group
97	Can add content type	25	add_contenttype
98	Can change content type	25	change_contenttype
99	Can delete content type	25	delete_contenttype
100	Can view content type	25	view_contenttype
101	Can add session	26	add_session
102	Can change session	26	change_session
103	Can delete session	26	delete_session
104	Can view session	26	view_session
105	Can add user	27	add_customuser
106	Can change user	27	change_customuser
107	Can delete user	27	delete_customuser
108	Can view user	27	view_customuser
109	Can add service	28	add_service
110	Can change service	28	change_service
111	Can delete service	28	delete_service
112	Can view service	28	view_service
113	Can add category	29	add_category
114	Can change category	29	change_category
115	Can delete category	29	delete_category
116	Can view category	29	view_category
117	Can add news intrest	30	add_newsintrest
118	Can change news intrest	30	change_newsintrest
119	Can delete news intrest	30	delete_newsintrest
120	Can view news intrest	30	view_newsintrest
121	Can add news site	31	add_newssite
122	Can change news site	31	change_newssite
123	Can delete news site	31	delete_newssite
124	Can view news site	31	view_newssite
125	Can add news report	32	add_newsreport
126	Can change news report	32	change_newsreport
127	Can delete news report	32	delete_newsreport
128	Can view news report	32	view_newsreport
129	Can add news service	33	add_newsservice
130	Can change news service	33	change_newsservice
131	Can delete news service	33	delete_newsservice
132	Can view news service	33	view_newsservice
133	Can add social intrest	34	add_socialintrest
134	Can change social intrest	34	change_socialintrest
135	Can delete social intrest	34	delete_socialintrest
136	Can view social intrest	34	view_socialintrest
137	Can add format	35	add_format
138	Can change format	35	change_format
139	Can delete format	35	delete_format
140	Can view format	35	view_format
141	Can add tone	36	add_tone
142	Can change tone	36	change_tone
143	Can delete tone	36	delete_tone
144	Can view tone	36	view_tone
145	Can add static entry	37	add_staticentry
146	Can change static entry	37	change_staticentry
147	Can delete static entry	37	delete_staticentry
148	Can view static entry	37	view_staticentry
149	Can add idea static entry	38	add_ideastaticentry
150	Can change idea static entry	38	change_ideastaticentry
151	Can delete idea static entry	38	delete_ideastaticentry
152	Can view idea static entry	38	view_ideastaticentry
153	Can add file	39	add_file
154	Can change file	39	change_file
155	Can delete file	39	delete_file
156	Can view file	39	view_file
157	Can add image service	40	add_imageservice
158	Can change image service	40	change_imageservice
159	Can delete image service	40	delete_imageservice
160	Can view image service	40	view_imageservice
161	Can add Token	41	add_token
162	Can change Token	41	change_token
163	Can delete Token	41	delete_token
164	Can view Token	41	view_token
165	Can add Token	42	add_tokenproxy
166	Can change Token	42	change_tokenproxy
167	Can delete Token	42	delete_tokenproxy
168	Can view Token	42	view_tokenproxy
\.


--
-- Data for Name: authtoken_token; Type: TABLE DATA; Schema: public; Owner: myprojectuser
--

COPY public.authtoken_token (key, created, user_id) FROM stdin;
30ede6723eac33dbfe571d62eb63fc17d625dddb	2024-11-09 02:31:05.052562+00	1
\.


--
-- Data for Name: django_admin_log; Type: TABLE DATA; Schema: public; Owner: myprojectuser
--

COPY public.django_admin_log (id, action_time, object_id, object_repr, action_flag, change_message, content_type_id, user_id) FROM stdin;
1	2024-12-01 23:44:10.752304+00	10	Category object (10)	2	[{"changed": {"fields": ["Description"]}}]	29	1
2	2024-12-01 23:46:33.646922+00	10	Category object (10)	2	[{"changed": {"fields": ["Description"]}}]	29	1
3	2024-12-01 23:49:12.582959+00	12	Category object (12)	2	[{"changed": {"fields": ["Name", "Description"]}}]	29	1
4	2024-12-01 23:49:43.882867+00	10	Category object (10)	2	[{"changed": {"fields": ["Name"]}}]	29	1
5	2024-12-01 23:50:04.633675+00	10	Category object (10)	2	[{"changed": {"fields": ["Name"]}}]	29	1
6	2024-12-01 23:53:17.140515+00	10	Category object (10)	2	[{"changed": {"fields": ["Name", "Description"]}}]	29	1
7	2024-12-01 23:53:47.946521+00	11	Category object (11)	2	[{"changed": {"fields": ["Name", "Description"]}}]	29	1
8	2024-12-01 23:54:57.647448+00	10	Category object (10)	2	[{"changed": {"fields": ["Name", "Description"]}}]	29	1
9	2024-12-02 00:05:25.099824+00	10	Category object (10)	2	[{"changed": {"fields": ["Icon"]}}]	29	1
10	2024-12-02 00:09:22.413883+00	11	Category object (11)	2	[{"changed": {"fields": ["Icon"]}}]	29	1
11	2024-12-02 00:10:00.468059+00	12	Category object (12)	2	[{"changed": {"fields": ["Icon"]}}]	29	1
12	2024-12-02 00:12:35.317037+00	12	Category object (12)	2	[{"changed": {"fields": ["Name", "Description", "Icon"]}}]	29	1
13	2024-12-02 00:12:47.288623+00	12	Category object (12)	2	[]	29	1
14	2024-12-02 00:13:05.031185+00	13	Category object (13)	1	[{"added": {}}]	29	1
15	2024-12-02 00:14:05.053105+00	12	Category object (12)	2	[{"changed": {"fields": ["Description", "Icon"]}}]	29	1
16	2024-12-02 00:15:48.569325+00	12	Category object (12)	2	[{"changed": {"fields": ["Name"]}}]	29	1
17	2024-12-02 00:16:01.869816+00	12	Category object (12)	2	[{"changed": {"fields": ["Name"]}}]	29	1
18	2024-12-02 00:16:20.639503+00	13	Category object (13)	2	[{"changed": {"fields": ["Name"]}}]	29	1
19	2024-12-02 00:17:18.787698+00	11	Category object (11)	2	[{"changed": {"fields": ["Description"]}}]	29	1
20	2024-12-02 00:20:14.61387+00	12	Category object (12)	2	[{"changed": {"fields": ["Name", "Description", "Icon"]}}]	29	1
21	2024-12-02 00:24:47.71969+00	14	Category object (14)	1	[{"added": {}}]	29	1
22	2024-12-02 00:25:45.947029+00	13	Category object (13)	2	[{"changed": {"fields": ["Description"]}}]	29	1
23	2024-12-02 00:25:57.063562+00	13	Category object (13)	2	[{"changed": {"fields": ["Description"]}}]	29	1
24	2024-12-02 00:26:26.543459+00	13	Category object (13)	2	[]	29	1
25	2024-12-02 00:27:33.069053+00	15	Category object (15)	1	[{"added": {}}]	29	1
26	2024-12-02 01:22:33.609815+00	14	Service object (14)	3		28	1
27	2024-12-02 01:22:33.610955+00	13	Service object (13)	3		28	1
28	2024-12-02 01:22:33.611003+00	6	Service object (6)	3		28	1
29	2024-12-02 01:22:33.611025+00	5	Service object (5)	3		28	1
30	2024-12-02 01:22:33.611044+00	4	Service object (4)	3		28	1
31	2024-12-02 01:22:33.611064+00	3	Service object (3)	3		28	1
32	2024-12-02 01:22:33.611083+00	2	Service object (2)	3		28	1
33	2024-12-02 01:22:33.611101+00	1	Service object (1)	3		28	1
\.


--
-- Data for Name: django_content_type; Type: TABLE DATA; Schema: public; Owner: myprojectuser
--

COPY public.django_content_type (id, app_label, model) FROM stdin;
22	admin	logentry
23	auth	permission
24	auth	group
25	contenttypes	contenttype
26	sessions	session
27	main	customuser
28	main	service
29	main	category
30	main	newsintrest
31	main	newssite
32	main	newsreport
33	main	newsservice
34	main	socialintrest
35	main	format
36	main	tone
37	main	staticentry
38	main	ideastaticentry
39	main	file
40	main	imageservice
41	authtoken	token
42	authtoken	tokenproxy
\.


--
-- Data for Name: django_migrations; Type: TABLE DATA; Schema: public; Owner: myprojectuser
--

COPY public.django_migrations (id, app, name, applied) FROM stdin;
1	contenttypes	0001_initial	2024-11-09 02:15:06.791093+00
2	contenttypes	0002_remove_content_type_name	2024-11-09 02:15:06.806868+00
3	auth	0001_initial	2024-11-09 02:15:06.864602+00
4	auth	0002_alter_permission_name_max_length	2024-11-09 02:15:06.891433+00
5	auth	0003_alter_user_email_max_length	2024-11-09 02:15:06.898554+00
6	auth	0004_alter_user_username_opts	2024-11-09 02:15:06.907181+00
7	auth	0005_alter_user_last_login_null	2024-11-09 02:15:06.917372+00
8	auth	0006_require_contenttypes_0002	2024-11-09 02:15:06.920257+00
9	auth	0007_alter_validators_add_error_messages	2024-11-09 02:15:06.928605+00
10	auth	0008_alter_user_username_max_length	2024-11-09 02:15:06.935561+00
11	auth	0009_alter_user_last_name_max_length	2024-11-09 02:15:06.945011+00
12	auth	0010_alter_group_name_max_length	2024-11-09 02:15:06.957515+00
13	auth	0011_update_proxy_permissions	2024-11-09 02:15:06.964342+00
14	auth	0012_alter_user_first_name_max_length	2024-11-09 02:15:06.971496+00
15	main	0001_initial	2024-11-09 02:15:07.026462+00
16	admin	0001_initial	2024-11-09 02:15:07.055736+00
17	admin	0002_logentry_remove_auto_add	2024-11-09 02:15:07.067636+00
18	admin	0003_logentry_add_action_flag_choices	2024-11-09 02:15:07.077527+00
19	authtoken	0001_initial	2024-11-09 02:15:07.09931+00
20	authtoken	0002_auto_20160226_1747	2024-11-09 02:15:07.137963+00
21	authtoken	0003_tokenproxy	2024-11-09 02:15:07.141934+00
22	authtoken	0004_alter_tokenproxy_options	2024-11-09 02:15:07.148888+00
23	main	0002_rename_services_service	2024-11-09 02:15:07.170469+00
24	main	0003_service_prompt	2024-11-09 02:15:07.175315+00
25	main	0004_category	2024-11-09 02:15:07.186286+00
26	main	0005_service_icon	2024-11-09 02:15:07.194176+00
27	main	0006_service_slug	2024-11-09 02:15:07.19967+00
28	main	0007_service_category	2024-11-09 02:15:07.209817+00
29	main	0008_remove_service_icon	2024-11-09 02:15:07.214629+00
30	main	0009_alter_service_category	2024-11-09 02:15:07.264794+00
31	main	0010_service_color_service_icon	2024-11-09 02:15:07.276556+00
32	main	0011_newsintrest	2024-11-09 02:15:07.299378+00
33	main	0012_newssite	2024-11-09 02:15:07.307104+00
34	main	0013_newsreport	2024-11-09 02:15:07.316803+00
35	main	0014_newsreport_user	2024-11-09 02:15:07.340683+00
36	main	0015_alter_newsreport_pic_alter_newsreport_subject_and_more	2024-11-09 02:15:07.393199+00
37	main	0016_newsservice	2024-11-09 02:15:07.403259+00
38	main	0017_alter_service_icon	2024-11-09 02:15:07.410663+00
39	main	0018_remove_category_icon	2024-11-09 02:15:07.41692+00
40	main	0019_socialintrest	2024-11-09 02:15:07.443322+00
41	main	0020_socialintrest_telegram_socialintrest_twitter	2024-11-09 02:15:07.474304+00
42	main	0021_newsreport_resource_alter_newssite_name	2024-11-09 02:15:07.49083+00
43	main	0022_format_tone	2024-11-09 02:15:07.5023+00
44	main	0023_remove_newsservice_slug	2024-11-09 02:15:07.506973+00
45	main	0024_staticentry	2024-11-09 02:15:07.515381+00
46	main	0025_staticentry_prompt	2024-11-09 02:15:07.52067+00
47	main	0026_service_static_variables	2024-11-09 02:15:07.528598+00
48	main	0027_remove_service_static_variables_and_more	2024-11-09 02:15:07.554807+00
49	main	0028_service_button_name	2024-11-09 02:15:07.562554+00
50	main	0029_service_highlight	2024-11-09 02:15:07.571832+00
51	main	0030_service_icon_image	2024-11-09 02:15:07.581604+00
52	main	0031_ideastaticentry	2024-11-09 02:15:07.591722+00
53	main	0032_alter_service_variables	2024-11-09 02:15:07.601078+00
54	main	0033_category_template	2024-11-09 02:15:07.611323+00
55	main	0034_alter_service_highlight	2024-11-09 02:15:07.622159+00
56	main	0035_file	2024-11-09 02:15:07.631766+00
57	main	0036_alter_file_file	2024-11-09 02:15:07.635996+00
58	main	0037_imageservice	2024-11-09 02:15:07.646642+00
59	sessions	0001_initial	2024-11-09 02:15:07.670218+00
60	main	0038_alter_newsreport_text	2024-11-09 02:30:27.967651+00
61	main	0039_category_description_alter_file_file	2024-12-01 23:42:18.990455+00
62	main	0040_category_icon_alter_category_description	2024-12-02 00:03:32.62197+00
63	main	0041_alter_category_icon	2024-12-02 00:05:10.657956+00
\.


--
-- Data for Name: django_session; Type: TABLE DATA; Schema: public; Owner: myprojectuser
--

COPY public.django_session (session_key, session_data, expire_date) FROM stdin;
pg6hqyr390pado8cj55vdfh3cv6vqqoh	.eJxVjMsOwiAQRf-FtSED5VFcuvcbyMBMpWogKe3K-O_apAvd3nPOfYmI21ri1nmJM4mzUOL0uyXMD647oDvWW5O51XWZk9wVedAur434eTncv4OCvXzrYLVDYDMMKnhm72zwxiGBV1OmiRQHStqiotHoUaPJ2oNmMIogASTx_gDMojdd:1t9bFK:R6_G4Aby55Xt7dKJQWBos4uyIp-jfVaR2UMXBAiz28Q	2024-11-23 02:30:42.3017+00
djfza742tid90s85pgdoi1v9qmh285vd	.eJxVjMsOwiAQRf-FtSED5VFcuvcbyMBMpWogKe3K-O_apAvd3nPOfYmI21ri1nmJM4mzUOL0uyXMD647oDvWW5O51XWZk9wVedAur434eTncv4OCvXzrYLVDYDMMKnhm72zwxiGBV1OmiRQHStqiotHoUaPJ2oNmMIogASTx_gDMojdd:1tHtXI:mu_jn4H-uMx4K5Tbpcya3r8S6vNzw1H6qecGPCka2P8	2024-12-15 23:39:32.136083+00
2xladyol8g1mzk7latf17z6kbtoaaism	.eJxVjMsOwiAQRf-FtSED5VFcuvcbyMBMpWogKe3K-O_apAvd3nPOfYmI21ri1nmJM4mzUOL0uyXMD647oDvWW5O51XWZk9wVedAur434eTncv4OCvXzrYLVDYDMMKnhm72zwxiGBV1OmiRQHStqiotHoUaPJ2oNmMIogASTx_gDMojdd:1tHv8q:gERMWGOVnv69go1GwjxzbAYPUElOV5oEG77tCEfkmak	2024-12-16 01:22:24.259858+00
\.


--
-- Data for Name: main_category; Type: TABLE DATA; Schema: public; Owner: myprojectuser
--

COPY public.main_category (id, name, template, description, icon) FROM stdin;
10	Social Media Content Craft	1	We create engaging, tailored social media text to boost your brand’s presence online.	fa-comment-dots
11	AI Article Writer	2	AI tools to help article writers create engaging content for newspapers, magazines, and more.	fa-newspaper
12	AI Office Solutions	1	Comprehensive AI tools and services to streamline employee tasks, enhance productivity, and drive efficiency.	fa-briefcase
14	AI Image Creation	1	Generate custom images for all needs, from marketing to design, powered by AI technology.	fa-image
13	AI Image Recognition	1	Cutting-edge AI technology to identify, analyze, Translate and categorize images with precision.	fa-camera-retro
15	AI Healthcare Solutions	1	Revolutionize patient care and healthcare processes with AI-driven solutions and insights.	fa-heartbeat
\.


--
-- Data for Name: main_customuser; Type: TABLE DATA; Schema: public; Owner: myprojectuser
--

COPY public.main_customuser (id, password, last_login, is_superuser, first_name, last_name, email, is_staff, is_active, date_joined, mobile) FROM stdin;
2	pbkdf2_sha256$870000$7bcWePqnYIAPedUI9Mn0Zw$vSQBTD/oDdpLsxZzfhB98wC8NbbvaboJjx/EIbdK1Y0=	2024-10-28 22:28:27.531+00	f				f	t	2024-10-25 20:39:59.719+00	9386353602
1	pbkdf2_sha256$870000$JoP6N5Y4wEBhxKYDK7YQmF$CAkSjee8mms7Ni+4TPzrge50io0SC/cL1yvWd2tFz/o=	2024-12-02 01:22:24.244063+00	t				t	t	2024-09-08 12:26:15.145+00	9183553490
\.


--
-- Data for Name: main_customuser_groups; Type: TABLE DATA; Schema: public; Owner: myprojectuser
--

COPY public.main_customuser_groups (id, customuser_id, group_id) FROM stdin;
\.


--
-- Data for Name: main_customuser_user_permissions; Type: TABLE DATA; Schema: public; Owner: myprojectuser
--

COPY public.main_customuser_user_permissions (id, customuser_id, permission_id) FROM stdin;
\.


--
-- Data for Name: main_file; Type: TABLE DATA; Schema: public; Owner: myprojectuser
--

COPY public.main_file (id, file) FROM stdin;
1	files/5269230350666688581.jpg
2	files/5269230350666688572.jpg
3	files/5269230350666688572_oiuHXsu.jpg
4	files/5269230350666688572_6wT5Mz3.jpg
5	files/5269230350666688572_0mPitIF.jpg
6	files/5269230350666688572_pLI0aX3.jpg
7	files/5269230350666688572_Ll60jJt.jpg
8	files/5269230350666688572_dd7MjIr.jpg
9	files/5269230350666688572_qULnA8Z.jpg
10	files/5269230350666688581_LZxX7ge.jpg
11	files/5269230350666688581_uIy80uG.jpg
12	files/5269230350666688581_9WNc7rl.jpg
13	files/5269230350666688581_3P94x9j.jpg
14	files/5269230350666688581_ctY8YgV.jpg
15	files/5269230350666688581_ycZIr7m.jpg
16	files/5269230350666688581_QlQQOvi.jpg
17	files/5269230350666688581_oCv6KMg.jpg
18	files/2972_23727.pdf
19	files/2972_23727_Dt0YeuA.pdf
20	files/2972_23727_jMrTO21.pdf
21	files/2972_23727_YoG79N0.pdf
22	files/5269230350666688581_rxqdzRR.jpg
23	files/2972_23727_poTcgwr.pdf
24	files/5269230350666688581_biB4ZjD.jpg
25	files/bwnq-s8f_400x400.jpg
26	files/bwnq-s8f_400x400_l9T0CBW.jpg
27	files/ocean.png
28	files/ocean_fZrimoM.png
29	files/ocean_om6PaZd.png
30	files/ocean_wenrthn.png
31	files/ocean_yU469BB.png
32	files/ocean_sSbMp7N.png
33	files/ocean_i91mWFT.png
34	files/ocean_etILyRf.png
35	files/ocean_0Ge3IXx.png
36	files/ocean_SQDwPmm.png
37	files/ocean_NxbywPj.png
38	files/ocean_qkckENu.png
39	files/ocean_IRpKBZT.png
40	files/ocean_xWe0HOo.png
41	files/ocean_SHjRl0x.png
42	files/ocean_FRlSp7J.png
43	files/ocean_Oqz5wGr.png
44	files/ocean_IAKKOIC.png
45	files/ocean_K7BIU8Y.png
46	files/ocean_f8h0QsS.png
\.


--
-- Data for Name: main_format; Type: TABLE DATA; Schema: public; Owner: myprojectuser
--

COPY public.main_format (id, name) FROM stdin;
1	Academic
2	Official
3	Friendly Letter
\.


--
-- Data for Name: main_ideastaticentry; Type: TABLE DATA; Schema: public; Owner: myprojectuser
--

COPY public.main_ideastaticentry (id, name, options, prompt) FROM stdin;
1	How many ideas do you need?	[1, 3, 5, 7]	The amount of ideas should be $entry
2	Choose the style of ideas	["Playful", "Official"]	Text style should be $entry
3	Select the text structure	["News", "Analysis", "Q&A", "Story"]	Text structure Should be $entry
\.


--
-- Data for Name: main_imageservice; Type: TABLE DATA; Schema: public; Owner: myprojectuser
--

COPY public.main_imageservice (id, name, prompt) FROM stdin;
1	Analyze The Image	Analyze The Image
2	Extract the text	Extract the text
\.


--
-- Data for Name: main_newsintrest; Type: TABLE DATA; Schema: public; Owner: myprojectuser
--

COPY public.main_newsintrest (id, subject, user_id) FROM stdin;
14	Elan Mask	1
15	sport	1
16	Trump	1
17	USA	1
18	Economics	1
\.


--
-- Data for Name: main_newsreport; Type: TABLE DATA; Schema: public; Owner: myprojectuser
--

COPY public.main_newsreport (id, title, text, pic, subject, user_id, resource) FROM stdin;
\.


--
-- Data for Name: main_newsservice; Type: TABLE DATA; Schema: public; Owner: myprojectuser
--

COPY public.main_newsservice (id, name, prompt, description, price) FROM stdin;
22	Summarize the news	به‌عنوان یک کارشناس روابط عمومی با تجربه در خلاصه‌سازی اخبار، لطفاً خلاصه‌ای کوتاه، مفید و جامع از $text تهیه کن. تنها به اصل ماجرا، نکات کلیدی و نتایج مهم اشاره کن. هدف این خلاصه، ارائه اطلاعات به صورت مختصر و متمرکز بر موضوعات اساسی است تا خواننده بتواند به سرعت از محتوای اصلی خبر مطلع شود و نیازی به جزئیات اضافی نداشته باشد.\r\nو به زبان متن جواب بده	aa	1
23	Analyze The News	به‌عنوان یک تحلیل‌گر حرفه‌ای در حوزه رسانه و اخبار، تحلیل جامعی از $text ارائه کن. این تحلیل باید عمیق، حرفه‌ای و مبتنی بر داده‌های دقیق باشد و شامل بررسی علل، پیامدهای احتمالی و تحلیل نظرات کارشناسان و رویکردهای مرتبط باشد. هدف این است که با ارائه نگاهی دقیق و تخصصی، به خواننده درک کاملی از موضوع داده شود.\r\nو به زبان متن جواب بده	aa	1
24	different points of view	به‌عنوان یک استراتژیست رسانه‌ای، نظرات مختلف در مورد $text را به وضوح و با دقت بیان کن. دیدگاه‌ها باید شامل نظرات موافق، مخالف و بی‌طرف باشد، و هر کدام با دلایلی که از آن حمایت می‌کند توضیح داده شود. هدف این است که دیدگاه‌ها متنوع و به گونه‌ای باشند که خواننده با تمام جنبه‌های موضوع آشنا شود و بتواند خود تصمیم‌گیری کند.\r\nو به زبان متن جواب بده	aa	1
25	Provide alternative titles	به‌عنوان یک سردبیر خلاق، چند تیتر جایگزین برای $text پیشنهاد بده. تیترها باید خلاقانه، مختصر و گویا باشند و به گونه‌ای طراحی شوند که در عین انتقال مفهوم اصلی خبر، جذابیت و توجه مخاطب را جلب کنند.\r\nو به زبان متن جواب بده	aa	1
26	Convert To Q&A	به‌عنوان یک کارشناس ارتباطات، $text را به قالب پرسش و پاسخ تبدیل کن. سوالات اساسی را مطرح کرده و پاسخ‌هایی مختصر و دقیق به آن‌ها بده. این پرسش و پاسخ‌ها باید کاربردی، خلاصه و به گونه‌ای باشد که به خواننده امکان دهد به راحتی و با سرعت اطلاعات اصلی خبر را درک کند و متوجه جزئیات مهم شود.	aa	1
\.


--
-- Data for Name: main_newssite; Type: TABLE DATA; Schema: public; Owner: myprojectuser
--

COPY public.main_newssite (id, name, url) FROM stdin;
10	BBC	https://feeds.bbci.co.uk/news/world/rss.xml
11	CNN	http://rss.cnn.com/rss/cnn_world.rss
12	New York Times	https://rss.nytimes.com/services/xml/rss/nyt/HomePage.xml
\.


--
-- Data for Name: main_service; Type: TABLE DATA; Schema: public; Owner: myprojectuser
--

COPY public.main_service (id, name, description, variables, price, prompt, slug, category_id, color, icon, button_name, highlight, icon_image) FROM stdin;
\.


--
-- Data for Name: main_service_static_variables; Type: TABLE DATA; Schema: public; Owner: myprojectuser
--

COPY public.main_service_static_variables (id, service_id, staticentry_id) FROM stdin;
\.


--
-- Data for Name: main_socialintrest; Type: TABLE DATA; Schema: public; Owner: myprojectuser
--

COPY public.main_socialintrest (id, subject, channels, user_id, telegram, twitter) FROM stdin;
6	car	["ss", " dd"]	2	t	t
\.


--
-- Data for Name: main_staticentry; Type: TABLE DATA; Schema: public; Owner: myprojectuser
--

COPY public.main_staticentry (id, name, options, prompt) FROM stdin;
1	Select the tone of the text	["Official", "Friendly", "Serious"]	لحن متن باید $entry باشد
2	Select the text structure	["News", "Analysis", "Q&A", "Stories"]	ساختار متن باید $entry باشد
3	Determine the main purpose of the content	["notification", "Education", "justification", "promote"]	هدف متن $entry است
4	Specify the main audience of the content	["the general public", "Staff", "Customers", "the media"]	مخاطب متن $entry است
5	Select the text presentation format	["Short Text", "abstract", "Long Text"]	فرمت ارائه باید $entry باشد
\.


--
-- Data for Name: main_tone; Type: TABLE DATA; Schema: public; Owner: myprojectuser
--

COPY public.main_tone (id, name) FROM stdin;
1	Official
\.


--
-- Name: auth_group_id_seq; Type: SEQUENCE SET; Schema: public; Owner: myprojectuser
--

SELECT pg_catalog.setval('public.auth_group_id_seq', 1, false);


--
-- Name: auth_group_permissions_id_seq; Type: SEQUENCE SET; Schema: public; Owner: myprojectuser
--

SELECT pg_catalog.setval('public.auth_group_permissions_id_seq', 1, false);


--
-- Name: auth_permission_id_seq; Type: SEQUENCE SET; Schema: public; Owner: myprojectuser
--

SELECT pg_catalog.setval('public.auth_permission_id_seq', 168, true);


--
-- Name: django_admin_log_id_seq; Type: SEQUENCE SET; Schema: public; Owner: myprojectuser
--

SELECT pg_catalog.setval('public.django_admin_log_id_seq', 33, true);


--
-- Name: django_content_type_id_seq; Type: SEQUENCE SET; Schema: public; Owner: myprojectuser
--

SELECT pg_catalog.setval('public.django_content_type_id_seq', 42, true);


--
-- Name: django_migrations_id_seq; Type: SEQUENCE SET; Schema: public; Owner: myprojectuser
--

SELECT pg_catalog.setval('public.django_migrations_id_seq', 63, true);


--
-- Name: main_category_id_seq; Type: SEQUENCE SET; Schema: public; Owner: myprojectuser
--

SELECT pg_catalog.setval('public.main_category_id_seq', 15, true);


--
-- Name: main_customuser_groups_id_seq; Type: SEQUENCE SET; Schema: public; Owner: myprojectuser
--

SELECT pg_catalog.setval('public.main_customuser_groups_id_seq', 1, false);


--
-- Name: main_customuser_id_seq; Type: SEQUENCE SET; Schema: public; Owner: myprojectuser
--

SELECT pg_catalog.setval('public.main_customuser_id_seq', 2, true);


--
-- Name: main_customuser_user_permissions_id_seq; Type: SEQUENCE SET; Schema: public; Owner: myprojectuser
--

SELECT pg_catalog.setval('public.main_customuser_user_permissions_id_seq', 1, false);


--
-- Name: main_file_id_seq; Type: SEQUENCE SET; Schema: public; Owner: myprojectuser
--

SELECT pg_catalog.setval('public.main_file_id_seq', 46, true);


--
-- Name: main_format_id_seq; Type: SEQUENCE SET; Schema: public; Owner: myprojectuser
--

SELECT pg_catalog.setval('public.main_format_id_seq', 3, true);


--
-- Name: main_ideastaticentry_id_seq; Type: SEQUENCE SET; Schema: public; Owner: myprojectuser
--

SELECT pg_catalog.setval('public.main_ideastaticentry_id_seq', 3, true);


--
-- Name: main_imageservice_id_seq; Type: SEQUENCE SET; Schema: public; Owner: myprojectuser
--

SELECT pg_catalog.setval('public.main_imageservice_id_seq', 2, true);


--
-- Name: main_newsintrest_id_seq; Type: SEQUENCE SET; Schema: public; Owner: myprojectuser
--

SELECT pg_catalog.setval('public.main_newsintrest_id_seq', 18, true);


--
-- Name: main_newsreport_id_seq; Type: SEQUENCE SET; Schema: public; Owner: myprojectuser
--

SELECT pg_catalog.setval('public.main_newsreport_id_seq', 1, false);


--
-- Name: main_newsservice_id_seq; Type: SEQUENCE SET; Schema: public; Owner: myprojectuser
--

SELECT pg_catalog.setval('public.main_newsservice_id_seq', 26, true);


--
-- Name: main_newssite_id_seq; Type: SEQUENCE SET; Schema: public; Owner: myprojectuser
--

SELECT pg_catalog.setval('public.main_newssite_id_seq', 12, true);


--
-- Name: main_service_static_variables_id_seq; Type: SEQUENCE SET; Schema: public; Owner: myprojectuser
--

SELECT pg_catalog.setval('public.main_service_static_variables_id_seq', 102, true);


--
-- Name: main_services_id_seq; Type: SEQUENCE SET; Schema: public; Owner: myprojectuser
--

SELECT pg_catalog.setval('public.main_services_id_seq', 14, true);


--
-- Name: main_socialintrest_id_seq; Type: SEQUENCE SET; Schema: public; Owner: myprojectuser
--

SELECT pg_catalog.setval('public.main_socialintrest_id_seq', 6, true);


--
-- Name: main_staticentry_id_seq; Type: SEQUENCE SET; Schema: public; Owner: myprojectuser
--

SELECT pg_catalog.setval('public.main_staticentry_id_seq', 5, true);


--
-- Name: main_tone_id_seq; Type: SEQUENCE SET; Schema: public; Owner: myprojectuser
--

SELECT pg_catalog.setval('public.main_tone_id_seq', 1, true);


--
-- Name: auth_group auth_group_name_key; Type: CONSTRAINT; Schema: public; Owner: myprojectuser
--

ALTER TABLE ONLY public.auth_group
    ADD CONSTRAINT auth_group_name_key UNIQUE (name);


--
-- Name: auth_group_permissions auth_group_permissions_group_id_permission_id_0cd325b0_uniq; Type: CONSTRAINT; Schema: public; Owner: myprojectuser
--

ALTER TABLE ONLY public.auth_group_permissions
    ADD CONSTRAINT auth_group_permissions_group_id_permission_id_0cd325b0_uniq UNIQUE (group_id, permission_id);


--
-- Name: auth_group_permissions auth_group_permissions_pkey; Type: CONSTRAINT; Schema: public; Owner: myprojectuser
--

ALTER TABLE ONLY public.auth_group_permissions
    ADD CONSTRAINT auth_group_permissions_pkey PRIMARY KEY (id);


--
-- Name: auth_group auth_group_pkey; Type: CONSTRAINT; Schema: public; Owner: myprojectuser
--

ALTER TABLE ONLY public.auth_group
    ADD CONSTRAINT auth_group_pkey PRIMARY KEY (id);


--
-- Name: auth_permission auth_permission_content_type_id_codename_01ab375a_uniq; Type: CONSTRAINT; Schema: public; Owner: myprojectuser
--

ALTER TABLE ONLY public.auth_permission
    ADD CONSTRAINT auth_permission_content_type_id_codename_01ab375a_uniq UNIQUE (content_type_id, codename);


--
-- Name: auth_permission auth_permission_pkey; Type: CONSTRAINT; Schema: public; Owner: myprojectuser
--

ALTER TABLE ONLY public.auth_permission
    ADD CONSTRAINT auth_permission_pkey PRIMARY KEY (id);


--
-- Name: authtoken_token authtoken_token_pkey; Type: CONSTRAINT; Schema: public; Owner: myprojectuser
--

ALTER TABLE ONLY public.authtoken_token
    ADD CONSTRAINT authtoken_token_pkey PRIMARY KEY (key);


--
-- Name: authtoken_token authtoken_token_user_id_key; Type: CONSTRAINT; Schema: public; Owner: myprojectuser
--

ALTER TABLE ONLY public.authtoken_token
    ADD CONSTRAINT authtoken_token_user_id_key UNIQUE (user_id);


--
-- Name: django_admin_log django_admin_log_pkey; Type: CONSTRAINT; Schema: public; Owner: myprojectuser
--

ALTER TABLE ONLY public.django_admin_log
    ADD CONSTRAINT django_admin_log_pkey PRIMARY KEY (id);


--
-- Name: django_content_type django_content_type_app_label_model_76bd3d3b_uniq; Type: CONSTRAINT; Schema: public; Owner: myprojectuser
--

ALTER TABLE ONLY public.django_content_type
    ADD CONSTRAINT django_content_type_app_label_model_76bd3d3b_uniq UNIQUE (app_label, model);


--
-- Name: django_content_type django_content_type_pkey; Type: CONSTRAINT; Schema: public; Owner: myprojectuser
--

ALTER TABLE ONLY public.django_content_type
    ADD CONSTRAINT django_content_type_pkey PRIMARY KEY (id);


--
-- Name: django_migrations django_migrations_pkey; Type: CONSTRAINT; Schema: public; Owner: myprojectuser
--

ALTER TABLE ONLY public.django_migrations
    ADD CONSTRAINT django_migrations_pkey PRIMARY KEY (id);


--
-- Name: django_session django_session_pkey; Type: CONSTRAINT; Schema: public; Owner: myprojectuser
--

ALTER TABLE ONLY public.django_session
    ADD CONSTRAINT django_session_pkey PRIMARY KEY (session_key);


--
-- Name: main_category main_category_pkey; Type: CONSTRAINT; Schema: public; Owner: myprojectuser
--

ALTER TABLE ONLY public.main_category
    ADD CONSTRAINT main_category_pkey PRIMARY KEY (id);


--
-- Name: main_customuser_groups main_customuser_groups_customuser_id_group_id_8a5023dd_uniq; Type: CONSTRAINT; Schema: public; Owner: myprojectuser
--

ALTER TABLE ONLY public.main_customuser_groups
    ADD CONSTRAINT main_customuser_groups_customuser_id_group_id_8a5023dd_uniq UNIQUE (customuser_id, group_id);


--
-- Name: main_customuser_groups main_customuser_groups_pkey; Type: CONSTRAINT; Schema: public; Owner: myprojectuser
--

ALTER TABLE ONLY public.main_customuser_groups
    ADD CONSTRAINT main_customuser_groups_pkey PRIMARY KEY (id);


--
-- Name: main_customuser main_customuser_mobile_key; Type: CONSTRAINT; Schema: public; Owner: myprojectuser
--

ALTER TABLE ONLY public.main_customuser
    ADD CONSTRAINT main_customuser_mobile_key UNIQUE (mobile);


--
-- Name: main_customuser main_customuser_pkey; Type: CONSTRAINT; Schema: public; Owner: myprojectuser
--

ALTER TABLE ONLY public.main_customuser
    ADD CONSTRAINT main_customuser_pkey PRIMARY KEY (id);


--
-- Name: main_customuser_user_permissions main_customuser_user_per_customuser_id_permission_06a652d8_uniq; Type: CONSTRAINT; Schema: public; Owner: myprojectuser
--

ALTER TABLE ONLY public.main_customuser_user_permissions
    ADD CONSTRAINT main_customuser_user_per_customuser_id_permission_06a652d8_uniq UNIQUE (customuser_id, permission_id);


--
-- Name: main_customuser_user_permissions main_customuser_user_permissions_pkey; Type: CONSTRAINT; Schema: public; Owner: myprojectuser
--

ALTER TABLE ONLY public.main_customuser_user_permissions
    ADD CONSTRAINT main_customuser_user_permissions_pkey PRIMARY KEY (id);


--
-- Name: main_file main_file_pkey; Type: CONSTRAINT; Schema: public; Owner: myprojectuser
--

ALTER TABLE ONLY public.main_file
    ADD CONSTRAINT main_file_pkey PRIMARY KEY (id);


--
-- Name: main_format main_format_pkey; Type: CONSTRAINT; Schema: public; Owner: myprojectuser
--

ALTER TABLE ONLY public.main_format
    ADD CONSTRAINT main_format_pkey PRIMARY KEY (id);


--
-- Name: main_ideastaticentry main_ideastaticentry_pkey; Type: CONSTRAINT; Schema: public; Owner: myprojectuser
--

ALTER TABLE ONLY public.main_ideastaticentry
    ADD CONSTRAINT main_ideastaticentry_pkey PRIMARY KEY (id);


--
-- Name: main_imageservice main_imageservice_pkey; Type: CONSTRAINT; Schema: public; Owner: myprojectuser
--

ALTER TABLE ONLY public.main_imageservice
    ADD CONSTRAINT main_imageservice_pkey PRIMARY KEY (id);


--
-- Name: main_newsintrest main_newsintrest_pkey; Type: CONSTRAINT; Schema: public; Owner: myprojectuser
--

ALTER TABLE ONLY public.main_newsintrest
    ADD CONSTRAINT main_newsintrest_pkey PRIMARY KEY (id);


--
-- Name: main_newsreport main_newsreport_pkey; Type: CONSTRAINT; Schema: public; Owner: myprojectuser
--

ALTER TABLE ONLY public.main_newsreport
    ADD CONSTRAINT main_newsreport_pkey PRIMARY KEY (id);


--
-- Name: main_newsservice main_newsservice_pkey; Type: CONSTRAINT; Schema: public; Owner: myprojectuser
--

ALTER TABLE ONLY public.main_newsservice
    ADD CONSTRAINT main_newsservice_pkey PRIMARY KEY (id);


--
-- Name: main_newssite main_newssite_pkey; Type: CONSTRAINT; Schema: public; Owner: myprojectuser
--

ALTER TABLE ONLY public.main_newssite
    ADD CONSTRAINT main_newssite_pkey PRIMARY KEY (id);


--
-- Name: main_service_static_variables main_service_static_vari_service_id_staticentry_i_a6aa42e9_uniq; Type: CONSTRAINT; Schema: public; Owner: myprojectuser
--

ALTER TABLE ONLY public.main_service_static_variables
    ADD CONSTRAINT main_service_static_vari_service_id_staticentry_i_a6aa42e9_uniq UNIQUE (service_id, staticentry_id);


--
-- Name: main_service_static_variables main_service_static_variables_pkey; Type: CONSTRAINT; Schema: public; Owner: myprojectuser
--

ALTER TABLE ONLY public.main_service_static_variables
    ADD CONSTRAINT main_service_static_variables_pkey PRIMARY KEY (id);


--
-- Name: main_service main_services_pkey; Type: CONSTRAINT; Schema: public; Owner: myprojectuser
--

ALTER TABLE ONLY public.main_service
    ADD CONSTRAINT main_services_pkey PRIMARY KEY (id);


--
-- Name: main_socialintrest main_socialintrest_pkey; Type: CONSTRAINT; Schema: public; Owner: myprojectuser
--

ALTER TABLE ONLY public.main_socialintrest
    ADD CONSTRAINT main_socialintrest_pkey PRIMARY KEY (id);


--
-- Name: main_staticentry main_staticentry_pkey; Type: CONSTRAINT; Schema: public; Owner: myprojectuser
--

ALTER TABLE ONLY public.main_staticentry
    ADD CONSTRAINT main_staticentry_pkey PRIMARY KEY (id);


--
-- Name: main_tone main_tone_pkey; Type: CONSTRAINT; Schema: public; Owner: myprojectuser
--

ALTER TABLE ONLY public.main_tone
    ADD CONSTRAINT main_tone_pkey PRIMARY KEY (id);


--
-- Name: auth_group_name_a6ea08ec_like; Type: INDEX; Schema: public; Owner: myprojectuser
--

CREATE INDEX auth_group_name_a6ea08ec_like ON public.auth_group USING btree (name varchar_pattern_ops);


--
-- Name: auth_group_permissions_group_id_b120cbf9; Type: INDEX; Schema: public; Owner: myprojectuser
--

CREATE INDEX auth_group_permissions_group_id_b120cbf9 ON public.auth_group_permissions USING btree (group_id);


--
-- Name: auth_group_permissions_permission_id_84c5c92e; Type: INDEX; Schema: public; Owner: myprojectuser
--

CREATE INDEX auth_group_permissions_permission_id_84c5c92e ON public.auth_group_permissions USING btree (permission_id);


--
-- Name: auth_permission_content_type_id_2f476e4b; Type: INDEX; Schema: public; Owner: myprojectuser
--

CREATE INDEX auth_permission_content_type_id_2f476e4b ON public.auth_permission USING btree (content_type_id);


--
-- Name: authtoken_token_key_10f0b77e_like; Type: INDEX; Schema: public; Owner: myprojectuser
--

CREATE INDEX authtoken_token_key_10f0b77e_like ON public.authtoken_token USING btree (key varchar_pattern_ops);


--
-- Name: django_admin_log_content_type_id_c4bce8eb; Type: INDEX; Schema: public; Owner: myprojectuser
--

CREATE INDEX django_admin_log_content_type_id_c4bce8eb ON public.django_admin_log USING btree (content_type_id);


--
-- Name: django_admin_log_user_id_c564eba6; Type: INDEX; Schema: public; Owner: myprojectuser
--

CREATE INDEX django_admin_log_user_id_c564eba6 ON public.django_admin_log USING btree (user_id);


--
-- Name: django_session_expire_date_a5c62663; Type: INDEX; Schema: public; Owner: myprojectuser
--

CREATE INDEX django_session_expire_date_a5c62663 ON public.django_session USING btree (expire_date);


--
-- Name: django_session_session_key_c0390e0f_like; Type: INDEX; Schema: public; Owner: myprojectuser
--

CREATE INDEX django_session_session_key_c0390e0f_like ON public.django_session USING btree (session_key varchar_pattern_ops);


--
-- Name: main_customuser_groups_customuser_id_13869e25; Type: INDEX; Schema: public; Owner: myprojectuser
--

CREATE INDEX main_customuser_groups_customuser_id_13869e25 ON public.main_customuser_groups USING btree (customuser_id);


--
-- Name: main_customuser_groups_group_id_8149f607; Type: INDEX; Schema: public; Owner: myprojectuser
--

CREATE INDEX main_customuser_groups_group_id_8149f607 ON public.main_customuser_groups USING btree (group_id);


--
-- Name: main_customuser_mobile_dd8cc5cc_like; Type: INDEX; Schema: public; Owner: myprojectuser
--

CREATE INDEX main_customuser_mobile_dd8cc5cc_like ON public.main_customuser USING btree (mobile varchar_pattern_ops);


--
-- Name: main_customuser_user_permissions_customuser_id_34d37f86; Type: INDEX; Schema: public; Owner: myprojectuser
--

CREATE INDEX main_customuser_user_permissions_customuser_id_34d37f86 ON public.main_customuser_user_permissions USING btree (customuser_id);


--
-- Name: main_customuser_user_permissions_permission_id_38e6f657; Type: INDEX; Schema: public; Owner: myprojectuser
--

CREATE INDEX main_customuser_user_permissions_permission_id_38e6f657 ON public.main_customuser_user_permissions USING btree (permission_id);


--
-- Name: main_newsintrest_user_id_f447be88; Type: INDEX; Schema: public; Owner: myprojectuser
--

CREATE INDEX main_newsintrest_user_id_f447be88 ON public.main_newsintrest USING btree (user_id);


--
-- Name: main_newsreport_user_id_5ad352ff; Type: INDEX; Schema: public; Owner: myprojectuser
--

CREATE INDEX main_newsreport_user_id_5ad352ff ON public.main_newsreport USING btree (user_id);


--
-- Name: main_service_category_id_2d35acda; Type: INDEX; Schema: public; Owner: myprojectuser
--

CREATE INDEX main_service_category_id_2d35acda ON public.main_service USING btree (category_id);


--
-- Name: main_service_static_variables_service_id_26e5ffb2; Type: INDEX; Schema: public; Owner: myprojectuser
--

CREATE INDEX main_service_static_variables_service_id_26e5ffb2 ON public.main_service_static_variables USING btree (service_id);


--
-- Name: main_service_static_variables_staticentry_id_067f107b; Type: INDEX; Schema: public; Owner: myprojectuser
--

CREATE INDEX main_service_static_variables_staticentry_id_067f107b ON public.main_service_static_variables USING btree (staticentry_id);


--
-- Name: main_socialintrest_user_id_17136e0e; Type: INDEX; Schema: public; Owner: myprojectuser
--

CREATE INDEX main_socialintrest_user_id_17136e0e ON public.main_socialintrest USING btree (user_id);


--
-- Name: auth_group_permissions auth_group_permissio_permission_id_84c5c92e_fk_auth_perm; Type: FK CONSTRAINT; Schema: public; Owner: myprojectuser
--

ALTER TABLE ONLY public.auth_group_permissions
    ADD CONSTRAINT auth_group_permissio_permission_id_84c5c92e_fk_auth_perm FOREIGN KEY (permission_id) REFERENCES public.auth_permission(id) DEFERRABLE INITIALLY DEFERRED;


--
-- Name: auth_group_permissions auth_group_permissions_group_id_b120cbf9_fk_auth_group_id; Type: FK CONSTRAINT; Schema: public; Owner: myprojectuser
--

ALTER TABLE ONLY public.auth_group_permissions
    ADD CONSTRAINT auth_group_permissions_group_id_b120cbf9_fk_auth_group_id FOREIGN KEY (group_id) REFERENCES public.auth_group(id) DEFERRABLE INITIALLY DEFERRED;


--
-- Name: auth_permission auth_permission_content_type_id_2f476e4b_fk_django_co; Type: FK CONSTRAINT; Schema: public; Owner: myprojectuser
--

ALTER TABLE ONLY public.auth_permission
    ADD CONSTRAINT auth_permission_content_type_id_2f476e4b_fk_django_co FOREIGN KEY (content_type_id) REFERENCES public.django_content_type(id) DEFERRABLE INITIALLY DEFERRED;


--
-- Name: authtoken_token authtoken_token_user_id_35299eff_fk_main_customuser_id; Type: FK CONSTRAINT; Schema: public; Owner: myprojectuser
--

ALTER TABLE ONLY public.authtoken_token
    ADD CONSTRAINT authtoken_token_user_id_35299eff_fk_main_customuser_id FOREIGN KEY (user_id) REFERENCES public.main_customuser(id) DEFERRABLE INITIALLY DEFERRED;


--
-- Name: django_admin_log django_admin_log_content_type_id_c4bce8eb_fk_django_co; Type: FK CONSTRAINT; Schema: public; Owner: myprojectuser
--

ALTER TABLE ONLY public.django_admin_log
    ADD CONSTRAINT django_admin_log_content_type_id_c4bce8eb_fk_django_co FOREIGN KEY (content_type_id) REFERENCES public.django_content_type(id) DEFERRABLE INITIALLY DEFERRED;


--
-- Name: django_admin_log django_admin_log_user_id_c564eba6_fk_main_customuser_id; Type: FK CONSTRAINT; Schema: public; Owner: myprojectuser
--

ALTER TABLE ONLY public.django_admin_log
    ADD CONSTRAINT django_admin_log_user_id_c564eba6_fk_main_customuser_id FOREIGN KEY (user_id) REFERENCES public.main_customuser(id) DEFERRABLE INITIALLY DEFERRED;


--
-- Name: main_customuser_groups main_customuser_grou_customuser_id_13869e25_fk_main_cust; Type: FK CONSTRAINT; Schema: public; Owner: myprojectuser
--

ALTER TABLE ONLY public.main_customuser_groups
    ADD CONSTRAINT main_customuser_grou_customuser_id_13869e25_fk_main_cust FOREIGN KEY (customuser_id) REFERENCES public.main_customuser(id) DEFERRABLE INITIALLY DEFERRED;


--
-- Name: main_customuser_groups main_customuser_groups_group_id_8149f607_fk_auth_group_id; Type: FK CONSTRAINT; Schema: public; Owner: myprojectuser
--

ALTER TABLE ONLY public.main_customuser_groups
    ADD CONSTRAINT main_customuser_groups_group_id_8149f607_fk_auth_group_id FOREIGN KEY (group_id) REFERENCES public.auth_group(id) DEFERRABLE INITIALLY DEFERRED;


--
-- Name: main_customuser_user_permissions main_customuser_user_customuser_id_34d37f86_fk_main_cust; Type: FK CONSTRAINT; Schema: public; Owner: myprojectuser
--

ALTER TABLE ONLY public.main_customuser_user_permissions
    ADD CONSTRAINT main_customuser_user_customuser_id_34d37f86_fk_main_cust FOREIGN KEY (customuser_id) REFERENCES public.main_customuser(id) DEFERRABLE INITIALLY DEFERRED;


--
-- Name: main_customuser_user_permissions main_customuser_user_permission_id_38e6f657_fk_auth_perm; Type: FK CONSTRAINT; Schema: public; Owner: myprojectuser
--

ALTER TABLE ONLY public.main_customuser_user_permissions
    ADD CONSTRAINT main_customuser_user_permission_id_38e6f657_fk_auth_perm FOREIGN KEY (permission_id) REFERENCES public.auth_permission(id) DEFERRABLE INITIALLY DEFERRED;


--
-- Name: main_newsintrest main_newsintrest_user_id_f447be88_fk_main_customuser_id; Type: FK CONSTRAINT; Schema: public; Owner: myprojectuser
--

ALTER TABLE ONLY public.main_newsintrest
    ADD CONSTRAINT main_newsintrest_user_id_f447be88_fk_main_customuser_id FOREIGN KEY (user_id) REFERENCES public.main_customuser(id) DEFERRABLE INITIALLY DEFERRED;


--
-- Name: main_newsreport main_newsreport_user_id_5ad352ff_fk_main_customuser_id; Type: FK CONSTRAINT; Schema: public; Owner: myprojectuser
--

ALTER TABLE ONLY public.main_newsreport
    ADD CONSTRAINT main_newsreport_user_id_5ad352ff_fk_main_customuser_id FOREIGN KEY (user_id) REFERENCES public.main_customuser(id) DEFERRABLE INITIALLY DEFERRED;


--
-- Name: main_service main_service_category_id_2d35acda_fk_main_category_id; Type: FK CONSTRAINT; Schema: public; Owner: myprojectuser
--

ALTER TABLE ONLY public.main_service
    ADD CONSTRAINT main_service_category_id_2d35acda_fk_main_category_id FOREIGN KEY (category_id) REFERENCES public.main_category(id) DEFERRABLE INITIALLY DEFERRED;


--
-- Name: main_service_static_variables main_service_static__service_id_26e5ffb2_fk_main_serv; Type: FK CONSTRAINT; Schema: public; Owner: myprojectuser
--

ALTER TABLE ONLY public.main_service_static_variables
    ADD CONSTRAINT main_service_static__service_id_26e5ffb2_fk_main_serv FOREIGN KEY (service_id) REFERENCES public.main_service(id) DEFERRABLE INITIALLY DEFERRED;


--
-- Name: main_service_static_variables main_service_static__staticentry_id_067f107b_fk_main_stat; Type: FK CONSTRAINT; Schema: public; Owner: myprojectuser
--

ALTER TABLE ONLY public.main_service_static_variables
    ADD CONSTRAINT main_service_static__staticentry_id_067f107b_fk_main_stat FOREIGN KEY (staticentry_id) REFERENCES public.main_staticentry(id) DEFERRABLE INITIALLY DEFERRED;


--
-- Name: main_socialintrest main_socialintrest_user_id_17136e0e_fk_main_customuser_id; Type: FK CONSTRAINT; Schema: public; Owner: myprojectuser
--

ALTER TABLE ONLY public.main_socialintrest
    ADD CONSTRAINT main_socialintrest_user_id_17136e0e_fk_main_customuser_id FOREIGN KEY (user_id) REFERENCES public.main_customuser(id) DEFERRABLE INITIALLY DEFERRED;


--
-- PostgreSQL database dump complete
--

