[{"model": "main.customuser", "pk": 1, "fields": {"password": "pbkdf2_sha256$870000$JoP6N5Y4wEBhxKYDK7YQmF$CAkSjee8mms7Ni+4TPzrge50io0SC/cL1yvWd2tFz/o=", "last_login": "2024-11-07T22:38:55.443Z", "is_superuser": true, "first_name": "", "last_name": "", "email": "", "is_staff": true, "is_active": true, "date_joined": "2024-09-08T12:26:15.145Z", "mobile": "9183553490", "groups": [], "user_permissions": []}}, {"model": "main.customuser", "pk": 2, "fields": {"password": "pbkdf2_sha256$870000$7bcWePqnYIAPedUI9Mn0Zw$vSQBTD/oDdpLsxZzfhB98wC8NbbvaboJjx/EIbdK1Y0=", "last_login": "2024-10-28T22:28:27.531Z", "is_superuser": false, "first_name": "", "last_name": "", "email": "", "is_staff": false, "is_active": true, "date_joined": "2024-10-25T20:39:59.719Z", "mobile": "9386353602", "groups": [], "user_permissions": []}}, {"model": "main.category", "pk": 10, "fields": {"name": "Social Media", "template": 1}}, {"model": "main.category", "pk": 11, "fields": {"name": "Articles", "template": 2}}, {"model": "main.category", "pk": 12, "fields": {"name": "Statements", "template": 1}}, {"model": "main.staticentry", "pk": 1, "fields": {"name": "Select the tone of the text", "options": ["Official", "Friendly", "Serious"], "prompt": "لحن متن باید $entry باشد"}}, {"model": "main.staticentry", "pk": 2, "fields": {"name": "Select the text structure", "options": ["News", "Analysis", "Q&A", "Stories"], "prompt": "ساختار متن باید $entry باشد"}}, {"model": "main.staticentry", "pk": 3, "fields": {"name": "Determine the main purpose of the content", "options": ["notification", "Education", "justification", "promote"], "prompt": "هدف متن $entry است"}}, {"model": "main.staticentry", "pk": 4, "fields": {"name": "Specify the main audience of the content", "options": ["the general public", "Staff", "Customers", "the media"], "prompt": "مخاطب متن $entry است"}}, {"model": "main.staticentry", "pk": 5, "fields": {"name": "Select the text presentation format", "options": ["Short Text", "abstract", "Long Text"], "prompt": "فرمت ارائه باید $entry باشد"}}, {"model": "main.ideastaticentry", "pk": 1, "fields": {"name": "How many ideas do you need?", "options": [1, 3, 5, 7], "prompt": "The amount of ideas should be $entry"}}, {"model": "main.ideastaticentry", "pk": 2, "fields": {"name": "Choose the style of ideas", "options": ["Playful", "Official"], "prompt": "Text style should be $entry"}}, {"model": "main.ideastaticentry", "pk": 3, "fields": {"name": "Select the text structure", "options": ["News", "Analysis", "Q&A", "Story"], "prompt": "Text structure Should be $entry"}}, {"model": "main.service", "pk": 1, "fields": {"slug": "Instagram-caption", "name": "Captions for Instagram", "prompt": "به‌عنوان یک کارشناس محتوا و نویسنده کپشن‌های خلاق، یک کپشن مؤثر و جذاب برای اینستاگرام بنویس که بتواند پیام متن اصلی داده شده را به بهترین شکل منتقل کند. کپشن باید کوتاه، گیرا و دارای دعوت به تعامل باشد. همچنین، با استفاده از هشتگ‌های مرتبط، دسترسی پست را افزایش بده تا کاربران بیشتری با آن درگیر شوند.\r\nبه زبان متن اصلی پاسخ بده", "description": "Write attractive and creative captions", "variables": [], "price": 1, "icon": "fa-solid fa-pencil", "icon_image": "icons/Instagram_icon.png.webp", "button_name": "Write a caption", "highlight": "Instagram", "color": "ffffff", "category": 10, "static_variables": [1, 2, 3, 4]}}, {"model": "main.service", "pk": 2, "fields": {"slug": "instagram-stories", "name": "Story for Instagram", "prompt": "به‌عنوان یک متخصص ساخت استوری‌های جذاب و تعاملی در اینستاگرام، ایده‌ای برای یک استوری کوتاه و خلاقانه ارائه بده که به سرعت توجه مخاطبان را جلب کند. استوری باید حول محور متن اصلی داده شده باشد و هدف آن ایجاد تعامل و جلب توجه بیشتر است. طراحی باید به‌گونه‌ای باشد که از اولین ثانیه‌ها کاربران را به دنبال کردن بیشتر ترغیب کند.\r\nبه زبان متن اصلی پاسخ بده", "description": "Create short and effective stories", "variables": [], "price": 1, "icon": "fa-solid fa-pencil", "icon_image": "icons/Instagram_icon_IUY61Wg.png.webp", "button_name": "Build Story", "highlight": "Instagram", "color": "ffffff", "category": 10, "static_variables": [1, 2, 3, 4]}}, {"model": "main.service", "pk": 3, "fields": {"slug": "Instagram-video-idea", "name": "Video idea for Instagram", "prompt": "به‌عنوان یک کارشناس حرفه‌ای تولید محتوای بصری در اینستاگرام، یک ایده ویدیو خلاقانه طراحی کن که مخاطبان را مجذوب کند و نرخ تعامل را بالا ببرد. موضوع این ویدیو درباره متن اصلی داده شده است و باید به شکلی باشد که از لحاظ بصری جذاب و از نظر محتوایی قابل وایرال باشد. تلاش کن ایده‌هایی را ارائه دهی که کاربران را ترغیب به تماشا و اشتراک‌گذاری کند\r\nبه زبان متن اصلی پاسخ بده", "description": "Create interesting video ideas for Instagram", "variables": [], "price": 1, "icon": "fa-solid fa-pencil", "icon_image": "icons/Instagram_icon_ql8kO3F.png.webp", "button_name": "Build Video Idea", "highlight": "Instagram", "color": "ffffff", "category": 10, "static_variables": [1]}}, {"model": "main.service", "pk": 4, "fields": {"slug": "news-articles", "name": "News articles", "prompt": "به عنوان یک روزنامه‌نگار و متخصص در حوزه روابط عمومی، مقاله‌ای خبری دقیق و به‌روز درباره متن اصلی داده شده بنویسید. هدف شما این است که خبر را به شیوه‌ای حرفه‌ای و با رعایت اصول خبری ارائه دهید تا مخاطبان با دقت و سرعت، اطلاعات کامل را دریافت کنند. مقاله باید شامل جزئیات دقیق و واضح باشد تا خواننده احساس کند که از سوی یک منبع معتبر و متخصص اطلاعات را دریافت می‌کند. شما باید با استفاده از سبکی جذاب و حرفه‌ای، مخاطب را به خواندن کامل مقاله تشویق کنید.\r\nبه زبان متن اصلی پاسخ بده", "description": "Write interesting news articles with detailed information", "variables": [], "price": 1, "icon": "fa-solid fa-pencil", "icon_image": "icons/330703.png", "button_name": "Write News Article", "highlight": "خبر", "color": "ffffff", "category": 11, "static_variables": [1, 2, 3, 4, 5]}}, {"model": "main.service", "pk": 5, "fields": {"slug": "analysis-articles", "name": "Analytical articles", "prompt": "به عنوان یک کارشناس تحلیل‌گر محتوا در حوزه روابط عمومی، مقاله‌ای تحلیلی و عمیق در مورد متن اصلی داده شده تهیه کنید. هدف شما ارائه یک تحلیل حرفه‌ای و جامع است که مخاطب را به درک بهتری از موضوع برساند. در این مقاله، از داده‌ها و مثال‌های معتبر استفاده کنید تا اعتبار نوشته بالا برود و دیدگاه‌های مختلف را پوشش دهید. باید نشان دهید که شما به عنوان یک تحلیل‌گر، تمام جوانب را در نظر گرفته‌اید و با دانش خود به مخاطب کمک می‌کنید تا به بینش دقیق‌تری برسد.\r\nبه زبان متن اصلی پاسخ بده", "description": "Write in-depth and professional analysis", "variables": [], "price": 1, "icon": "fa-solid fa-pencil", "icon_image": "icons/330703_VxRLZMl.png", "button_name": "Start the analysis", "highlight": "اینستاگرام", "color": "ffffff", "category": 11, "static_variables": [1, 2, 3, 4, 5]}}, {"model": "main.service", "pk": 6, "fields": {"slug": "official-statement", "name": "Official statement", "prompt": "یک بیانیه رسمی و کلیدی برای اطلاع‌رسانی در رابطه با متن اصلی داده شده ایجاد کنید. متن باید رسمی و حرفه‌ای باشد و حاوی اطلاعات دقیق و مهمی باشد که به مخاطبان داخلی و خارجی اطمینان دهد. از زبانی استفاده کنید که تأثیرگذاری بیانیه را تقویت کند و ارتباطی شفاف با مخاطبان برقرار شود\r\nبه زبان متن اصلی پاسخ بده", "description": "Official and important statements for key announcements", "variables": [], "price": 1, "icon": "fa-solid fa-pencil", "icon_image": "icons/330703_tB7E6zh.png", "button_name": "Create a formal statement", "highlight": null, "color": "ffffff", "category": 12, "static_variables": [1, 2, 3, 4, 5]}}, {"model": "main.service", "pk": 13, "fields": {"slug": "articles-educational", "name": "Educational blogs", "prompt": "به عنوان یک کارشناس محتوا در حوزه روابط عمومی، مقاله‌ای آموزشی بنویس که بتواند کاربران را به طور کامل با موضوع متن اصلی داده شده آشنا کند. هدف شما این است که مطالب را به زبانی ساده، روان و در عین حال حرفه‌ای ارائه دهید تا افراد با هر سطح دانشی بتوانند از آن بهره‌مند شوند. مقاله باید شامل مراحل گام‌به‌گام، مثال‌های کاربردی، و نکات مهم باشد. به شکلی بنویس که خواننده احساس کند شما یک راهنمای آگاه و دلسوز هستید که قصد دارد اطلاعات ارزشمندی را در اختیارش قرار دهد.\r\nبه زبان متن اصلی پاسخ بده", "description": "Write a simple and practical guide for the audience", "variables": [], "price": 1, "icon": "as", "icon_image": "icons/330703_WnHzDDj.png", "button_name": "Writing an educational blog", "highlight": null, "color": "ffffff", "category": 11, "static_variables": [1, 2, 3, 4, 5]}}, {"model": "main.service", "pk": 14, "fields": {"slug": "articles-list", "name": "List blogs", "prompt": "به عنوان یک کارشناس محتوا در حوزه روابط عمومی، یک بلاگ لیستی شامل $a نکته یا توصیه کاربردی و مفید در مورد متن اصلی بنویسید. هر نکته باید مختصر، واضح و به گونه‌ای باشد که خوانندگان به راحتی بتوانند اطلاعات را جذب کرده و از آن استفاده کنند. هدف شما این است که به عنوان یک راهنمای متخصص، لیستی کاربردی ارائه دهید که خوانندگان بتوانند به سرعت به نکات کلیدی دست پیدا کنند و از تجربه و دانش شما بهره‌مند شوند.\r\nبه زبان متن اصلی پاسخ بده", "description": "Type list contents for quick information", "variables": [{"type": "number", "slug": "a", "name": "Count"}], "price": 1, "icon": "as", "icon_image": "icons/330703_KTw4bWL.png", "button_name": "Writing a blog list", "highlight": null, "color": "ffffff", "category": 11, "static_variables": [1, 2, 3, 4, 5]}}, {"model": "main.newsservice", "pk": 22, "fields": {"name": "Summarize the news", "prompt": "به‌عنوان یک کارشناس روابط عمومی با تجربه در خلاصه‌سازی اخبار، لطفاً خلاصه‌ای کوتاه، مفید و جامع از $text تهیه کن. تنها به اصل ماجرا، نکات کلیدی و نتایج مهم اشاره کن. هدف این خلاصه، ارائه اطلاعات به صورت مختصر و متمرکز بر موضوعات اساسی است تا خواننده بتواند به سرعت از محتوای اصلی خبر مطلع شود و نیازی به جزئیات اضافی نداشته باشد.\r\nو به زبان متن جواب بده", "description": "aa", "price": 1}}, {"model": "main.newsservice", "pk": 23, "fields": {"name": "Analyze The News", "prompt": "به‌عنوان یک تحلیل‌گر حرفه‌ای در حوزه رسانه و اخبار، تحلیل جامعی از $text ارائه کن. این تحلیل باید عمیق، حرفه‌ای و مبتنی بر داده‌های دقیق باشد و شامل بررسی علل، پیامدهای احتمالی و تحلیل نظرات کارشناسان و رویکردهای مرتبط باشد. هدف این است که با ارائه نگاهی دقیق و تخصصی، به خواننده درک کاملی از موضوع داده شود.\r\nو به زبان متن جواب بده", "description": "aa", "price": 1}}, {"model": "main.newsservice", "pk": 24, "fields": {"name": "different points of view", "prompt": "به‌عنوان یک استراتژیست رسانه‌ای، نظرات مختلف در مورد $text را به وضوح و با دقت بیان کن. دیدگاه‌ها باید شامل نظرات موافق، مخالف و بی‌طرف باشد، و هر کدام با دلایلی که از آن حمایت می‌کند توضیح داده شود. هدف این است که دیدگاه‌ها متنوع و به گونه‌ای باشند که خواننده با تمام جنبه‌های موضوع آشنا شود و بتواند خود تصمیم‌گیری کند.\r\nو به زبان متن جواب بده", "description": "aa", "price": 1}}, {"model": "main.newsservice", "pk": 25, "fields": {"name": "Provide alternative titles", "prompt": "به‌عنوان یک سردبیر خلاق، چند تیتر جایگزین برای $text پیشنهاد بده. تیترها باید خلاقانه، مختصر و گویا باشند و به گونه‌ای طراحی شوند که در عین انتقال مفهوم اصلی خبر، جذابیت و توجه مخاطب را جلب کنند.\r\nو به زبان متن جواب بده", "description": "aa", "price": 1}}, {"model": "main.newsservice", "pk": 26, "fields": {"name": "Convert To Q&A", "prompt": "به‌عنوان یک کارشناس ارتباطات، $text را به قالب پرسش و پاسخ تبدیل کن. سوالات اساسی را مطرح کرده و پاسخ‌هایی مختصر و دقیق به آن‌ها بده. این پرسش و پاسخ‌ها باید کاربردی، خلاصه و به گونه‌ای باشد که به خواننده امکان دهد به راحتی و با سرعت اطلاعات اصلی خبر را درک کند و متوجه جزئیات مهم شود.", "description": "aa", "price": 1}}, {"model": "main.imageservice", "pk": 1, "fields": {"name": "Analyze The Image", "prompt": "Analyze The Image"}}, {"model": "main.imageservice", "pk": 2, "fields": {"name": "Extract the text", "prompt": "Extract the text"}}, {"model": "main.newssite", "pk": 10, "fields": {"name": "BBC", "url": "https://feeds.bbci.co.uk/news/world/rss.xml"}}, {"model": "main.newssite", "pk": 11, "fields": {"name": "CNN", "url": "http://rss.cnn.com/rss/cnn_world.rss"}}, {"model": "main.newssite", "pk": 12, "fields": {"name": "New York Times", "url": "https://rss.nytimes.com/services/xml/rss/nyt/HomePage.xml"}}, {"model": "main.newsintrest", "pk": 14, "fields": {"user": 1, "subject": "Elan Mask"}}, {"model": "main.newsintrest", "pk": 15, "fields": {"user": 1, "subject": "sport"}}, {"model": "main.newsintrest", "pk": 16, "fields": {"user": 1, "subject": "Trump"}}, {"model": "main.newsintrest", "pk": 17, "fields": {"user": 1, "subject": "USA"}}, {"model": "main.newsintrest", "pk": 18, "fields": {"user": 1, "subject": "Economics"}}, {"model": "main.socialintrest", "pk": 6, "fields": {"user": 2, "subject": "car", "twitter": true, "telegram": true, "channels": ["ss", " dd"]}}, {"model": "main.newsreport", "pk": 1600, "fields": {"user": 2, "title": "Germany engulfed by political crisis as Scholz coalition falls apart", "text": "Europe’s most powerful economy is left rudderless, when EU leaders are nervous about a new Trump presidency.", "pic": null, "subject": "Iran", "resource": "bbc"}}, {"model": "main.newsreport", "pk": 1601, "fields": {"user": 1, "title": "California wildfire: Thousands flee as strong winds fuel flames", "text": "More than 10,000 residents have been ordered to evacuate since the blaze began on Wednesday.", "pic": null, "subject": "cryptocurrency", "resource": "bbc"}}, {"model": "main.newsreport", "pk": 1602, "fields": {"user": 1, "title": "South Korean president sorry for controversies surrounding wife", "text": "The first lady is accused of accepting a luxury Dior handbag and stock manipulation.", "pic": null, "subject": "cryptocurrency", "resource": "bbc"}}, {"model": "main.newsreport", "pk": 1603, "fields": {"user": 2, "title": "Justice officials in talks to drop Donald Trump criminal cases", "text": "The justice department is said to be looking at closing prosecutions brought by special counsel Jack Smith.", "pic": null, "subject": "Iran", "resource": "bbc"}}, {"model": "main.newsreport", "pk": 1604, "fields": {"user": 2, "title": "Scot gets dream job as lighthouse keeper on Australian island", "text": "Sandy Duthie's \"dream job\" involves solitude, a 160-year history, and a colony of little penguins.", "pic": null, "subject": "Iran", "resource": "bbc"}}, {"model": "main.newsreport", "pk": 1605, "fields": {"user": 2, "title": "Ivanka, Melania, a golf champion: Who was in Trump's huge victory entourage?", "text": "Hours after the polls closed, Donald Trump took the stage in Florida to declare victory, surrounding himself with a huge group of family, allies, campaign advisers - and sports figures. Among the more unpredictable appearances were martial arts boss Dana White and pro-golfer Bryson DeChambeau.", "pic": null, "subject": "sport", "resource": "bbc"}}, {"model": "main.newsreport", "pk": 1606, "fields": {"user": 2, "title": "Kenya refugees: Abductions and expulsions taint safe haven image", "text": "Kenya's status as a sanctuary for refugees is questioned after the deportation of four Turkish nationals.", "pic": null, "subject": "Iran", "resource": "bbc"}}, {"model": "main.newsreport", "pk": 1607, "fields": {"user": 1, "title": "Ivanka, Melania, a golf champion: Who was in Trump's huge victory entourage?", "text": "A closer look at the dozens of family members, advisers and allies who joined the president-elect on stage.", "pic": null, "subject": "sport", "resource": "bbc"}}, {"model": "main.newsreport", "pk": 1608, "fields": {"user": 1, "title": "Amsterdam: We must not turn blind eye to antisemitism, says Dutch king after attacks on Israeli football fans", "text": "Willem-Alexander says Jewish people must feel safe in the Netherlands after Israeli football supporters come under attack.", "pic": null, "subject": "sport", "resource": "bbc"}}, {"model": "main.newsreport", "pk": 1609, "fields": {"user": 1, "title": "'They shouted Jewish, IDF': Israeli football fans describe attack in Amsterdam", "text": "Maccabi Tel Aviv fans say they were beaten and kicked by gangs of young men.", "pic": null, "subject": "sport", "resource": "bbc"}}, {"model": "main.newsreport", "pk": 1610, "fields": {"user": 1, "title": "What to Know About the Attacks on Israeli Soccer Fans in Amsterdam", "text": "Dutch and Israeli officials described the clashes after a soccer match as antisemitic.", "pic": null, "subject": "sport", "resource": "New York Times"}}, {"model": "main.newsreport", "pk": 1611, "fields": {"user": 1, "title": "Vladimir Putin congratulates 'courageous' Trump on election win", "text": "The Russian president says he was impressed by Trump's reaction to the first assassination attempt against him.", "pic": null, "subject": "Trump", "resource": "BBC"}}, {"model": "main.newsreport", "pk": 1612, "fields": {"user": 1, "title": "Friday Briefing: Biden promises a peaceful transition", "text": "Biden promised an orderly transition to Trump. President Biden urged Americans to accept the election of Donald Trump and vowed that there would be an orderly transfer of power.", "pic": null, "subject": "Trump", "resource": "New York Times"}}, {"model": "main.newsreport", "pk": 1613, "fields": {"user": 1, "title": "European Leaders Meet Amid Trump Victory and Global Uncertainty", "text": "Leaders from across Europe and beyond gathered to discuss the war in Ukraine, immigration and plans for a second Trump presidency.", "pic": null, "subject": "Trump", "resource": "New York Times"}}, {"model": "main.newsreport", "pk": 1614, "fields": {"user": 1, "title": "Watch: Trump addresses supporters at campaign HQ", "text": "Trump addresses jubilant supporters as he claims victory in the presidential election.", "pic": null, "subject": "Trump", "resource": "BBC"}}, {"model": "main.newsreport", "pk": 1615, "fields": {"user": 1, "title": "How would Trump’s promise of mass deportations of migrants work?", "text": "The mass deportation of undocumented immigrants would face legal and practical challenges - and cost billions.", "pic": null, "subject": "USA", "resource": "BBC"}}, {"model": "main.newsreport", "pk": 1616, "fields": {"user": 1, "title": "Moment highway worker dodges high-speed truck crash", "text": "Footage shows a truck crash and almost hit a highway worker on the side of an Interstate in New York.", "pic": null, "subject": "USA", "resource": "BBC"}}, {"model": "main.newsreport", "pk": 1617, "fields": {"user": 1, "title": "Ventura County fire: California homes engulfed by flames", "text": "Thousands of people have been evacuated from their homes in Ventura County, near Los Angeles.", "pic": null, "subject": "USA", "resource": "BBC"}}, {"model": "main.newsreport", "pk": 1618, "fields": {"user": 1, "title": "Botswana's President Duma Boko: I want to legalise undocumented Zimbabweans", "text": "The new president tells the BBC thousands of illegal Zimbabweans should be given temporary permits.", "pic": null, "subject": "Economics", "resource": "BBC"}}, {"model": "main.newsreport", "pk": 1619, "fields": {"user": 1, "title": "Germany engulfed by political crisis as Scholz coalition falls apart", "text": "Europe’s most powerful economy is left rudderless, when EU leaders are nervous about a new Trump presidency.", "pic": null, "subject": "Economics", "resource": "BBC"}}, {"model": "main.newsreport", "pk": 1620, "fields": {"user": 1, "title": "Retirement contribution limits will rise in 2019", "text": "Good news retirement savers: The Internal Revenue Service announced cost of living increases to the contribution limits for retirement-related plans in 2019.", "pic": null, "subject": "USA", "resource": "CNN"}}, {"model": "main.newsreport", "pk": 1621, "fields": {"user": 1, "title": "Trump’s Win Ends a Post-World War II Era of U.S. Leadership", "text": "For the past four years, President Biden has argued that the first Trump term was a blip in American history. The election has proved that President-elect Donald J. Trump was no aberration.", "pic": null, "subject": "USA", "resource": "New York Times"}}, {"model": "main.newsreport", "pk": 1622, "fields": {"user": 1, "title": "Michael Jordan’s 1998 NBA Finals sneakers sell for a record $2.2 million", "text": "The black and red Air Jordan 13s have become the most expensive sneakers ever to sell at auction.", "pic": null, "subject": "sport", "resource": "CNN"}}, {"model": "main.newsreport", "pk": 1623, "fields": {"user": 1, "title": "Lake Powell’s total capacity is shrinking, report shows", "text": "Lake Powell, a critical reservoir in the West, was found to be shrinking in total capacity, according to an analysis from the USGS and Bureau of Reclamation.", "pic": null, "subject": "USA", "resource": "CNN"}}, {"model": "main.newsreport", "pk": 1624, "fields": {"user": 1, "title": "These were the best and worst places for air quality in 2021, new report shows", "text": "Air pollution spiked to unhealthy levels around the world in 2021, a new report shows. Here’s a map that shows how your city rates.", "pic": null, "subject": "USA", "resource": "CNN"}}, {"model": "main.newsreport", "pk": 1625, "fields": {"user": 1, "title": "Big-box stores could help slash emissions and save millions by installing solar panels on their roofs. So why aren’t more of them doing it?", "text": "Experts are eyeing a promising solution to reduce planet-warming emissions: your neighborhood big-box stores and shopping malls.", "pic": null, "subject": "USA", "resource": "CNN"}}, {"model": "main.newsreport", "pk": 1626, "fields": {"user": 1, "title": "Stock market and bank earnings updates: Dow and S&P 500", "text": "First-quarter earnings for companies in the S&P 500 kick off this week, and economists are predicting the biggest earnings decline since the onset of the pandemic.", "pic": null, "subject": "Economics", "resource": "CNN"}}, {"model": "main.newsreport", "pk": 1627, "fields": {"user": 1, "title": "Trump’s Supreme Court Agenda Is Likely to Include Legal U-Turns", "text": "In recent years, new administrations have not been shy about disavowing positions taken by their predecessors.", "pic": null, "subject": "Trump", "resource": "New York Times"}}, {"model": "main.newsreport", "pk": 1628, "fields": {"user": 1, "title": "With Ready Orders and an Energy Czar, Trump Plots Pivot to Fossil Fuels", "text": "President-elect Donald J. Trump’s transition team for climate and the environment is considering relocating the E.P.A. out of Washington and other drastic changes.", "pic": null, "subject": "Trump", "resource": "New York Times"}}, {"model": "main.newsreport", "pk": 1629, "fields": {"user": 1, "title": "Meet the KGB Spies Who Invented Fake News", "text": "An exploration of the origins of fake news and its impact on global politics.", "pic": null, "subject": "USA", "resource": "New York Times"}}, {"model": "main.newsreport", "pk": 1630, "fields": {"user": 1, "title": "The Seven Commandments of Fake News", "text": "A detailed look at the principles that govern the spread of misinformation.", "pic": null, "subject": "USA", "resource": "New York Times"}}, {"model": "main.newsreport", "pk": 1631, "fields": {"user": 1, "title": "The Worldwide War on Truth", "text": "An analysis of the global struggle to maintain factual integrity in the media.", "pic": null, "subject": "USA", "resource": "New York Times"}}, {"model": "main.newsreport", "pk": 1632, "fields": {"user": 1, "title": "What Is the Best Version of a Second Trump Administration?", "text": "A discussion on the potential positive outcomes of a second term for Donald Trump.", "pic": null, "subject": "USA", "resource": "New York Times"}}, {"model": "main.newsreport", "pk": 1633, "fields": {"user": 1, "title": "What Is the Worst Version of a Second Trump Administration?", "text": "An examination of the possible negative consequences of another Trump presidency.", "pic": null, "subject": "USA", "resource": "New York Times"}}, {"model": "main.newsreport", "pk": 1634, "fields": {"user": 1, "title": "Why Trump Won", "text": "An exploration of the factors that contributed to Donald Trump's electoral victory.", "pic": null, "subject": "USA", "resource": "New York Times"}}, {"model": "main.newsreport", "pk": 1635, "fields": {"user": 1, "title": "Why the New York Times Editorial Board Endorsed Kamala Harris", "text": "An explanation of the reasons behind the endorsement of Kamala Harris by the NYT Editorial Board.", "pic": null, "subject": "USA", "resource": "New York Times"}}, {"model": "main.newsreport", "pk": 1636, "fields": {"user": 1, "title": "Jon Stewart Looks Back With Sanity and/or Fear", "text": "Jon Stewart reflects on past events with a mix of humor and concern.", "pic": null, "subject": "USA", "resource": "New York Times"}}, {"model": "main.newsreport", "pk": 1637, "fields": {"user": 1, "title": "If You Think Biden and Harris Were Weak on the Border, Think Again", "text": "A counterargument to the perception of Biden and Harris's border policies as ineffective.", "pic": null, "subject": "USA", "resource": "New York Times"}}, {"model": "main.newsreport", "pk": 1638, "fields": {"user": 1, "title": "Vivek Ramaswamy Has a Different Vision for Trumpism From JD Vance", "text": "A comparison of Vivek Ramaswamy's and JD Vance's interpretations of Trumpism.", "pic": null, "subject": "USA", "resource": "New York Times"}}, {"model": "main.newsreport", "pk": 1639, "fields": {"user": 1, "title": "Stock Market Rallies to Its Best Week in Over a Year", "text": "President-elect Donald Trump’s win, coupled with a quarter-point interest rate cut from the Federal Reserve, pushed major stock indexes into record territory.", "pic": null, "subject": "Economics", "resource": "New York Times"}}, {"model": "main.tone", "pk": 1, "fields": {"name": "Official"}}, {"model": "main.format", "pk": 1, "fields": {"name": "Academic"}}, {"model": "main.format", "pk": 2, "fields": {"name": "Official"}}, {"model": "main.format", "pk": 3, "fields": {"name": "Friendly Letter"}}, {"model": "main.file", "pk": 1, "fields": {"file": "files/5269230350666688581.jpg"}}, {"model": "main.file", "pk": 2, "fields": {"file": "files/5269230350666688572.jpg"}}, {"model": "main.file", "pk": 3, "fields": {"file": "files/5269230350666688572_oiuHXsu.jpg"}}, {"model": "main.file", "pk": 4, "fields": {"file": "files/5269230350666688572_6wT5Mz3.jpg"}}, {"model": "main.file", "pk": 5, "fields": {"file": "files/5269230350666688572_0mPitIF.jpg"}}, {"model": "main.file", "pk": 6, "fields": {"file": "files/5269230350666688572_pLI0aX3.jpg"}}, {"model": "main.file", "pk": 7, "fields": {"file": "files/5269230350666688572_Ll60jJt.jpg"}}, {"model": "main.file", "pk": 8, "fields": {"file": "files/5269230350666688572_dd7MjIr.jpg"}}, {"model": "main.file", "pk": 9, "fields": {"file": "files/5269230350666688572_qULnA8Z.jpg"}}, {"model": "main.file", "pk": 10, "fields": {"file": "files/5269230350666688581_LZxX7ge.jpg"}}, {"model": "main.file", "pk": 11, "fields": {"file": "files/5269230350666688581_uIy80uG.jpg"}}, {"model": "main.file", "pk": 12, "fields": {"file": "files/5269230350666688581_9WNc7rl.jpg"}}, {"model": "main.file", "pk": 13, "fields": {"file": "files/5269230350666688581_3P94x9j.jpg"}}, {"model": "main.file", "pk": 14, "fields": {"file": "files/5269230350666688581_ctY8YgV.jpg"}}, {"model": "main.file", "pk": 15, "fields": {"file": "files/5269230350666688581_ycZIr7m.jpg"}}, {"model": "main.file", "pk": 16, "fields": {"file": "files/5269230350666688581_QlQQOvi.jpg"}}, {"model": "main.file", "pk": 17, "fields": {"file": "files/5269230350666688581_oCv6KMg.jpg"}}, {"model": "main.file", "pk": 18, "fields": {"file": "files/2972_23727.pdf"}}, {"model": "main.file", "pk": 19, "fields": {"file": "files/2972_23727_Dt0YeuA.pdf"}}, {"model": "main.file", "pk": 20, "fields": {"file": "files/2972_23727_jMrTO21.pdf"}}, {"model": "main.file", "pk": 21, "fields": {"file": "files/2972_23727_YoG79N0.pdf"}}, {"model": "main.file", "pk": 22, "fields": {"file": "files/5269230350666688581_rxqdzRR.jpg"}}, {"model": "main.file", "pk": 23, "fields": {"file": "files/2972_23727_poTcgwr.pdf"}}, {"model": "main.file", "pk": 24, "fields": {"file": "files/5269230350666688581_biB4ZjD.jpg"}}, {"model": "main.file", "pk": 25, "fields": {"file": "files/bwnq-s8f_400x400.jpg"}}, {"model": "main.file", "pk": 26, "fields": {"file": "files/bwnq-s8f_400x400_l9T0CBW.jpg"}}, {"model": "main.file", "pk": 27, "fields": {"file": "files/ocean.png"}}, {"model": "main.file", "pk": 28, "fields": {"file": "files/ocean_fZrimoM.png"}}, {"model": "main.file", "pk": 29, "fields": {"file": "files/ocean_om6PaZd.png"}}, {"model": "main.file", "pk": 30, "fields": {"file": "files/ocean_wenrthn.png"}}, {"model": "main.file", "pk": 31, "fields": {"file": "files/ocean_yU469BB.png"}}, {"model": "main.file", "pk": 32, "fields": {"file": "files/ocean_sSbMp7N.png"}}, {"model": "main.file", "pk": 33, "fields": {"file": "files/ocean_i91mWFT.png"}}, {"model": "main.file", "pk": 34, "fields": {"file": "files/ocean_etILyRf.png"}}, {"model": "main.file", "pk": 35, "fields": {"file": "files/ocean_0Ge3IXx.png"}}, {"model": "main.file", "pk": 36, "fields": {"file": "files/ocean_SQDwPmm.png"}}, {"model": "main.file", "pk": 37, "fields": {"file": "files/ocean_NxbywPj.png"}}, {"model": "main.file", "pk": 38, "fields": {"file": "files/ocean_qkckENu.png"}}, {"model": "main.file", "pk": 39, "fields": {"file": "files/ocean_IRpKBZT.png"}}, {"model": "main.file", "pk": 40, "fields": {"file": "files/ocean_xWe0HOo.png"}}, {"model": "main.file", "pk": 41, "fields": {"file": "files/ocean_SHjRl0x.png"}}, {"model": "main.file", "pk": 42, "fields": {"file": "files/ocean_FRlSp7J.png"}}, {"model": "main.file", "pk": 43, "fields": {"file": "files/ocean_Oqz5wGr.png"}}, {"model": "main.file", "pk": 44, "fields": {"file": "files/ocean_IAKKOIC.png"}}, {"model": "main.file", "pk": 45, "fields": {"file": "files/ocean_K7BIU8Y.png"}}, {"model": "main.file", "pk": 46, "fields": {"file": "files/ocean_f8h0QsS.png"}}]